-- MariaDB dump 10.19  Distrib 10.7.3-MariaDB, for Linux (x86_64)
--
-- Host: 127.0.0.1    Database: GA_001_00
-- ------------------------------------------------------
-- Server version	8.0.26

/*!40101 SET @OLD_CHARACTER_SET_CLIENT=@@CHARACTER_SET_CLIENT */;
/*!40101 SET @OLD_CHARACTER_SET_RESULTS=@@CHARACTER_SET_RESULTS */;
/*!40101 SET @OLD_COLLATION_CONNECTION=@@COLLATION_CONNECTION */;
/*!40101 SET NAMES utf8mb4 */;
/*!40103 SET @OLD_TIME_ZONE=@@TIME_ZONE */;
/*!40103 SET TIME_ZONE='+00:00' */;
/*!40014 SET @OLD_UNIQUE_CHECKS=@@UNIQUE_CHECKS, UNIQUE_CHECKS=0 */;
/*!40014 SET @OLD_FOREIGN_KEY_CHECKS=@@FOREIGN_KEY_CHECKS, FOREIGN_KEY_CHECKS=0 */;
/*!40101 SET @OLD_SQL_MODE=@@SQL_MODE, SQL_MODE='NO_AUTO_VALUE_ON_ZERO' */;
/*!40111 SET @OLD_SQL_NOTES=@@SQL_NOTES, SQL_NOTES=0 */;

--
-- Table structure for table `archivo`
--

DROP TABLE IF EXISTS `archivo`;
/*!40101 SET @saved_cs_client     = @@character_set_client */;
/*!40101 SET character_set_client = utf8 */;
CREATE TABLE `archivo` (
  `id_archivo` int NOT NULL AUTO_INCREMENT,
  `id_grupo` int NOT NULL COMMENT 'id de archivo',
  `nombre_ramdon` varchar(128) NOT NULL COMMENT 'Nombre ofuscado que se encuentra fisicamente',
  `nombre` varchar(256) NOT NULL COMMENT 'Nombre de la información a relatar',
  `extension` varchar(32) CHARACTER SET utf8mb4 COLLATE utf8mb4_0900_ai_ci NOT NULL COMMENT 'Extension original del archivo',
  `largo` int NOT NULL COMMENT 'Largo en bytes del archivo',
  `path_relativo` varchar(512) NOT NULL COMMENT 'Path relativo {user.home}/path_relativo/trunc(user_date)/nombre_ofuscado',
  `estado` varchar(8) NOT NULL COMMENT 'A=activo X=borrado logico',
  `usuario` varchar(128) NOT NULL COMMENT 'Usuario que realizo el cambio',
  `usuario_fecha` datetime NOT NULL DEFAULT CURRENT_TIMESTAMP COMMENT 'Fecha de insercion del registro',
  `usuario_programa` varchar(256) NOT NULL COMMENT 'Programa usado para el cambio',
  PRIMARY KEY (`id_archivo`),
  KEY `archivo_FK` (`id_grupo`),
  CONSTRAINT `archivo_FK` FOREIGN KEY (`id_grupo`) REFERENCES `grupo` (`id_grupo`)
) ENGINE=InnoDB AUTO_INCREMENT=202 DEFAULT CHARSET=utf8mb4 COLLATE=utf8mb4_0900_ai_ci;
/*!40101 SET character_set_client = @saved_cs_client */;

--
-- Dumping data for table `archivo`
--

LOCK TABLES `archivo` WRITE;
/*!40000 ALTER TABLE `archivo` DISABLE KEYS */;
INSERT INTO `archivo` VALUES
(111,62,'62-HdZDAim6gg4B','RUC-EDWIN NARANJO (3).pdf','application/pdf',9519,'Manifiesto/ManifiestoUsuario/2022-04-20/62-HdZDAim6gg4B','A','aerolinea','2022-04-20 21:57:56','/faces/Upload'),
(112,66,'66-jGNQf2P7dcmy','RUC-EDWIN NARANJO (3).pdf','application/pdf',9519,'Manifiesto/ManifiestoUsuario/2022-04-21/66-jGNQf2P7dcmy','A','aerolinea','2022-04-21 09:31:40','/faces/Upload'),
(113,69,'69-XYfYe9Tj4vHN','EMOV _ PlacetoPay Web Checkout.pdf','application/pdf',61693,'Manifiesto/ManifiestoUsuario/2022-04-21/69-XYfYe9Tj4vHN','A','aerolinea','2022-04-21 11:39:54','/faces/Upload'),
(114,70,'70-cVUcd2fmDtCK','MANIFIESTO 01.pdf','application/pdf',35526,'Manifiesto/ManifiestoUsuario/2022-04-21/70-cVUcd2fmDtCK','A','aerolinea','2022-04-21 18:17:25','/faces/Upload'),
(115,71,'0-bjEXepaQAbkX','manifiesto-admin-2022-04-25-20-01-02.xls','application/x-ole-storage',11264,'manifiesto/manifiesto/2022-04-25/0-bjEXepaQAbkX','A','admin','2022-04-25 20:01:04','/Manifiesto-001'),
(117,71,'71-eKYveha8ejhK','manifiesto-admin-2022-04-25-20-02-17.xls','application/x-ole-storage',11264,'manifiesto/manifiesto/2022-04-25/71-eKYveha8ejhK','A','admin','2022-04-25 20:02:18','/Manifiesto-001'),
(118,71,'71-AWFxjQA62Em5','manifiesto-admin-2022-04-25-20-05-16.xls','application/x-ole-storage',11264,'manifiesto/manifiesto/2022-04-25/71-AWFxjQA62Em5','A','admin','2022-04-25 20:05:16','/Manifiesto-001'),
(119,71,'71-a5k5tcyhayqA','manifiesto-admin-2022-04-25-20-06-15.xls','application/x-ole-storage',11264,'manifiesto/manifiesto/2022-04-25/71-a5k5tcyhayqA','A','admin','2022-04-25 20:06:16','/Manifiesto-001'),
(120,71,'71-CTrMTdVTY6ja','manifiesto-admin-2022-04-25-20-06-24.xls','application/x-ole-storage',11264,'manifiesto/manifiesto/2022-04-25/71-CTrMTdVTY6ja','A','admin','2022-04-25 20:06:24','/Manifiesto-001'),
(121,71,'71-TtwZ9GbmGt9z','manifiesto-admin-2022-04-25-23-47-23.xls','application/x-ole-storage',11264,'manifiesto/manifiesto/2022-04-25/71-TtwZ9GbmGt9z','A','admin','2022-04-25 23:47:24','/Manifiesto-001'),
(122,72,'0-UbNUR8PPqEeM','manifiesto-AEROLINEA-2022-04-26-09-24-15.xls','application/x-ole-storage',16896,'manifiesto/manifiesto/2022-04-26/0-UbNUR8PPqEeM','A','AEROLINEA','2022-04-26 09:24:16','/Manifiesto-001'),
(123,73,'73-JMRpYWzTn6Vr','SIIF NACION.pdf','application/pdf',8586,'Manifiesto/ManifiestoUsuario/2022-04-26/73-JMRpYWzTn6Vr','A','AEROLINEA','2022-04-26 10:10:47','/faces/Upload'),
(124,73,'73-FefzZ7RjCffk','SIIF NACION.pdf','application/pdf',8586,'Manifiesto/ManifiestoUsuario/2022-04-26/73-FefzZ7RjCffk','A','AEROLINEA','2022-04-26 10:10:50','/faces/Upload'),
(125,72,'72-iAJ6gHN6ehkw','manifiesto-AEROLINEA-2022-04-26-10-20-48.xls','application/x-ole-storage',25600,'manifiesto/manifiesto/2022-04-26/72-iAJ6gHN6ehkw','A','AEROLINEA','2022-04-26 10:20:49','/Manifiesto-001'),
(126,44,'44-39zkaKatk7wj','manifiesto-SUPERVISOR-2022-04-26-10-27-36.xls','application/x-ole-storage',11776,'manifiesto/manifiesto/2022-04-26/44-39zkaKatk7wj','A','SUPERVISOR','2022-04-26 10:27:36','/Manifiesto-001'),
(127,44,'44-pTJvc2VzZ5Fw','manifiesto-SUPERVISOR-2022-04-26-10-29-52.xls','application/x-ole-storage',6144,'manifiesto/manifiesto/2022-04-26/44-pTJvc2VzZ5Fw','A','SUPERVISOR','2022-04-26 10:29:53','/Manifiesto-001'),
(128,44,'44-2QT3J5f9j53F','manifiesto-SUPERVISOR-2022-04-26-10-31-37.xls','application/x-ole-storage',25600,'manifiesto/manifiesto/2022-04-26/44-2QT3J5f9j53F','A','SUPERVISOR','2022-04-26 10:31:38','/Manifiesto-001'),
(129,74,'74-x4My8Abrchap','RQ74E01C_AC00001_13329901_PDF anexo fumicaña.pdf','application/pdf',58259,'Manifiesto/ManifiestoUsuario/2022-04-26/74-x4My8Abrchap','A','aerolinea','2022-04-26 16:37:43','/faces/Upload'),
(130,72,'72-vhAtjQeKeXMn','manifiesto-aerolinea-2022-04-26-16-41-56.xls','application/x-ole-storage',14848,'manifiesto/manifiesto/2022-04-26/72-vhAtjQeKeXMn','A','aerolinea','2022-04-26 16:41:56','/Manifiesto-001'),
(131,71,'71-rMX8TPnZbNQc','manifiesto-admin-2022-04-27-01-15-00.xls','application/x-ole-storage',11264,'manifiesto/manifiesto/2022-04-27/71-rMX8TPnZbNQc','A','admin','2022-04-27 01:15:03','/Manifiesto-001'),
(132,72,'72-BCJPbeWTGVyB','manifiesto-aerolinea-2022-04-27-11-46-00.xls','application/x-ole-storage',7168,'manifiesto/manifiesto/2022-04-27/72-BCJPbeWTGVyB','A','aerolinea','2022-04-27 11:46:00','/Manifiesto-001'),
(133,71,'71-g79uvYKkRNwH','manifiesto-admin-2022-04-27-12-13-32.xls','application/x-ole-storage',7168,'manifiesto/manifiesto/2022-04-27/71-g79uvYKkRNwH','A','admin','2022-04-27 12:13:33','/Manifiesto-001'),
(134,80,'80-h2U7DG3eZTRK','ESCUELA DE AVIACION DEL PACIFICO  2021-2022.pdf','application/pdf',104659,'Manifiesto/ManifiestoUsuario/2022-05-02/80-h2U7DG3eZTRK','A','aerolinea','2022-05-02 14:15:50','/faces/Upload'),
(135,82,'82-v73Eaki7RYUe','Ajuste No. 6L 55875.pdf','application/pdf',65855,'Manifiesto/ManifiestoUsuario/2022-05-02/82-v73Eaki7RYUe','A','aerolinea','2022-05-02 14:29:52','/faces/Upload'),
(136,85,'85-ZJ3tBeVCBDx3','MANIFIESTO 01.pdf','application/pdf',35526,'Manifiesto/ManifiestoUsuario/2022-05-13/85-ZJ3tBeVCBDx3','A','aerolinea','2022-05-13 11:07:38','/faces/Upload'),
(137,87,'87-bG3kFhRw2rEU','MANIFIESTO 01.pdf','application/pdf',35526,'Manifiesto/ManifiestoUsuario/2022-06-02/87-bG3kFhRw2rEU','A','pgomez','2022-06-02 19:18:49','/faces/Upload'),
(138,88,'88-A8vvdY7ehxk9','MANIFIESTO 01.pdf','application/pdf',35526,'Manifiesto/ManifiestoUsuario/2022-06-03/88-A8vvdY7ehxk9','A','pgomez','2022-06-03 09:44:35','/faces/Upload'),
(139,89,'89-RyFM6CBztAzj','1704453404001-1-003-003-000001605.pdf','application/pdf',8237,'Manifiesto/ManifiestoUsuario/2022-06-03/89-RyFM6CBztAzj','X','aerolinea','2022-06-03 12:08:13','/faces/Upload'),
(140,90,'90-FqdtVP2YM84y','MANIFIESTO 01.pdf','application/pdf',35526,'Manifiesto/ManifiestoUsuario/2022-06-03/90-FqdtVP2YM84y','A','pgomez','2022-06-03 12:51:32','/faces/Upload'),
(141,91,'91-w9qdi4Yda98n','Manifiesto P02.pdf','application/pdf',190882,'Manifiesto/ManifiestoUsuario/2022-06-03/91-w9qdi4Yda98n','A','aerolinea','2022-06-03 15:41:40','/faces/Upload'),
(142,91,'91-iJrWcM9hXVyT','Manifiesto P02.pdf','application/pdf',190882,'Manifiesto/ManifiestoUsuario/2022-06-03/91-iJrWcM9hXVyT','A','aerolinea','2022-06-03 15:41:43','/faces/Upload'),
(143,72,'72-xYeQABzt2R3A','manifiesto-aerolinea-2022-06-03-16-02-27.xls','application/x-ole-storage',6144,'manifiesto/manifiesto/2022-06-03/72-xYeQABzt2R3A','A','aerolinea','2022-06-03 16:02:28','/Manifiesto-001'),
(144,71,'71-DYe7akY7FJBk','manifiesto-ADMIN-2022-06-03-17-38-32.xls','application/x-ole-storage',7680,'manifiesto/manifiesto/2022-06-03/71-DYe7akY7FJBk','A','ADMIN','2022-06-03 17:38:32','/Manifiesto-001'),
(145,71,'71-brvD9G2YVRiZ','manifiesto-ADMIN-2022-06-03-17-39-18.xls','application/x-ole-storage',7680,'manifiesto/manifiesto/2022-06-03/71-brvD9G2YVRiZ','A','ADMIN','2022-06-03 17:39:19','/Manifiesto-001'),
(146,93,'93-3tgUZYDnMF4w','MANIFIESTO 01.pdf','application/pdf',35526,'Manifiesto/ManifiestoUsuario/2022-06-03/93-3tgUZYDnMF4w','A','TRUIZ','2022-06-03 21:47:51','/faces/Upload'),
(147,71,'71-KEWWM4cu2FQR','manifiesto-ADMIN-2022-06-04-20-03-11.xls','application/x-ole-storage',37888,'manifiesto/manifiesto/2022-06-04/71-KEWWM4cu2FQR','A','ADMIN','2022-06-04 20:03:11','/Manifiesto-001'),
(148,71,'71-hdTwJaKHfiAF','manifiesto-ADMIN-2022-06-04-20-05-15.xls','application/x-ole-storage',37888,'manifiesto/manifiesto/2022-06-04/71-hdTwJaKHfiAF','A','ADMIN','2022-06-04 20:05:15','/Manifiesto-001'),
(149,94,'94-ZqrTKdqfZ62G','MANIFIESTO SEM 21FEB22 al 27FEB22.pdf','application/pdf',51443,'Manifiesto/ManifiestoUsuario/2022-06-04/94-ZqrTKdqfZ62G','A','jmartinez','2022-06-04 22:32:30','/faces/Upload'),
(150,94,'94-MB2Pj6Mb2Vgp','MANIFIESTO SEM 21FEB22 al 27FEB22.pdf','application/pdf',97359,'Manifiesto/ManifiestoUsuario/2022-06-04/94-MB2Pj6Mb2Vgp','A','jmartinez','2022-06-04 22:40:48','/faces/Upload'),
(151,94,'94-fMRKN4etjTEv','MANIFIESTO SEM 21FEB22 al 27FEB22.pdf','application/pdf',126613,'Manifiesto/ManifiestoUsuario/2022-06-04/94-fMRKN4etjTEv','A','jmartinez','2022-06-04 23:42:03','/faces/Upload'),
(152,95,'95-Bf3aqQWVbEum','MANIFIESTO SEM 21FEB22 al 27FEB22.pdf','application/pdf',126613,'Manifiesto/ManifiestoUsuario/2022-06-05/95-Bf3aqQWVbEum','A','jmartinez','2022-06-05 00:19:51','/faces/Upload'),
(153,96,'96-5RDppWrY4ZfY','MANIFIESTO SEM 21FEB22 al 27FEB22.pdf','application/pdf',126613,'Manifiesto/ManifiestoUsuario/2022-06-05/96-5RDppWrY4ZfY','A','jmartinez','2022-06-05 00:22:11','/faces/Upload'),
(154,97,'97-RBC3NqqmmDaY','MANIFIESTO SEM 21FEB22 al 27FEB22.pdf','application/pdf',126613,'Manifiesto/ManifiestoUsuario/2022-06-05/97-RBC3NqqmmDaY','A','jmartinez','2022-06-05 00:23:56','/faces/Upload'),
(155,98,'98-vjknzyCeRhby','MANIFIESTO SEM 21FEB22 al 27FEB22.pdf','application/pdf',126613,'Manifiesto/ManifiestoUsuario/2022-06-05/98-vjknzyCeRhby','A','jmartinez','2022-06-05 00:25:58','/faces/Upload'),
(156,99,'99-9MrYaQFymtET','MANIFIESTO SEM 21FEB22 al 27FEB22.pdf','application/pdf',126613,'Manifiesto/ManifiestoUsuario/2022-06-05/99-9MrYaQFymtET','A','jmartinez','2022-06-05 00:28:19','/faces/Upload'),
(157,100,'100-8wkY6WgCDywm','MANIFIESTO SEM 21FEB22 al 27FEB22.pdf','application/pdf',126613,'Manifiesto/ManifiestoUsuario/2022-06-05/100-8wkY6WgCDywm','A','jmartinez','2022-06-05 00:29:46','/faces/Upload'),
(158,45,'45-ppxhbpnxZRpi','manifiesto-jmartinez-2022-06-05-00-31-57.xls','application/x-ole-storage',10240,'manifiesto/manifiesto/2022-06-05/45-ppxhbpnxZRpi','A','jmartinez','2022-06-05 00:31:57','/Manifiesto-001'),
(159,45,'45-fc6C84hFTDXt','manifiesto-jmartinez-2022-06-05-00-32-38.xls','application/x-ole-storage',10240,'manifiesto/manifiesto/2022-06-05/45-fc6C84hFTDXt','A','jmartinez','2022-06-05 00:32:38','/Manifiesto-001'),
(160,44,'44-fkMMejrAtqUQ','manifiesto-supervisor-2022-06-05-01-23-22.xls','application/x-ole-storage',11776,'manifiesto/manifiesto/2022-06-05/44-fkMMejrAtqUQ','A','supervisor','2022-06-05 01:23:23','/Manifiesto-001'),
(161,101,'101-3VmAqemx3nJq','MANIFIESTO SEM 28FEB22.pdf','application/pdf',105508,'Manifiesto/ManifiestoUsuario/2022-06-05/101-3VmAqemx3nJq','A','jmartinez','2022-06-05 01:49:44','/faces/Upload'),
(162,102,'102-vb9ZwE3MYM8Y','MANIFIESTO 01.pdf','application/pdf',35526,'Manifiesto/ManifiestoUsuario/2022-06-06/102-vb9ZwE3MYM8Y','A','TRUIZ','2022-06-06 13:09:20','/faces/Upload'),
(163,103,'103-jqcbjfdVTkEF','MANIFIESTO 01.pdf','application/pdf',35526,'Manifiesto/ManifiestoUsuario/2022-06-06/103-jqcbjfdVTkEF','A','TRUIZ','2022-06-06 14:36:02','/faces/Upload'),
(164,104,'104-vbZhkCuKyhDF','MANIFIESTO 01.pdf','application/pdf',35526,'Manifiesto/ManifiestoUsuario/2022-06-06/104-vbZhkCuKyhDF','A','TRUIZ','2022-06-06 21:18:12','/faces/Upload'),
(165,106,'106-AHqB3v8zm7Ka','Factura 001-001-000000897.pdf','application/pdf',164826,'Manifiesto/ManifiestoUsuario/2022-06-06/106-AHqB3v8zm7Ka','X','aerolinea','2022-06-06 21:33:54','/faces/Upload'),
(166,110,'110-Mrazhyw6vrvC','MANIFIESTO 01.pdf','application/pdf',35526,'Manifiesto/ManifiestoUsuario/2022-06-07/110-Mrazhyw6vrvC','A','TRUIZ','2022-06-07 11:07:36','/faces/Upload'),
(167,112,'112-UzXqUeRTzTej','Factura 001-001-000000897.pdf','application/pdf',164826,'Manifiesto/ManifiestoUsuario/2022-06-08/112-UzXqUeRTzTej','A','aerolinea','2022-06-08 07:15:18','/faces/Upload'),
(168,113,'113-VKkufEauy5cP','MANIFIESTO 01.pdf','application/pdf',35526,'Manifiesto/ManifiestoUsuario/2022-06-08/113-VKkufEauy5cP','A','truiz','2022-06-08 08:36:37','/faces/Upload'),
(169,114,'114-TABHcKyYEq9M','MANIFIESTO 01.pdf','application/pdf',35526,'Manifiesto/ManifiestoUsuario/2022-06-08/114-TABHcKyYEq9M','A','truiz','2022-06-08 08:48:03','/faces/Upload'),
(170,115,'115-ee5D5xm3vYZA','MANIFIESTO 01.pdf','application/pdf',35526,'Manifiesto/ManifiestoUsuario/2022-06-08/115-ee5D5xm3vYZA','X','truiz','2022-06-08 10:20:04','/faces/Upload'),
(171,116,'0-je99Hf2AFVNG','manifiesto-root-2022-06-08-10-33-12.xls','application/x-ole-storage',19968,'manifiesto/manifiesto/2022-06-08/0-je99Hf2AFVNG','A','root','2022-06-08 10:33:13','/Manifiesto-001'),
(172,117,'117-uKd75j6mybTZ','Manifiesto P02.pdf','application/pdf',190882,'Manifiesto/ManifiestoUsuario/2022-06-08/117-uKd75j6mybTZ','X','truiz','2022-06-08 12:35:05','/faces/Upload'),
(173,117,'117-f7TkcnA7Eupn','Manifiesto P02.pdf','application/pdf',190882,'Manifiesto/ManifiestoUsuario/2022-06-08/117-f7TkcnA7Eupn','A','truiz','2022-06-08 12:35:24','/faces/Upload'),
(174,117,'117-V8d56MeEJbYb','Manifiesto P02.pdf','application/pdf',190882,'Manifiesto/ManifiestoUsuario/2022-06-08/117-V8d56MeEJbYb','A','truiz','2022-06-08 12:35:28','/faces/Upload'),
(175,118,'118-pcRj2NvxPkh4','2021016583 Director San andres.pdf','application/pdf',64568,'Manifiesto/ManifiestoUsuario/2022-06-09/118-pcRj2NvxPkh4','A','aerolinea','2022-06-09 08:52:36','/faces/Upload'),
(176,44,'44-pWtGTkmF6nbr','manifiesto-supervisor-2022-06-09-15-11-29.xls','application/x-ole-storage',7168,'manifiesto/manifiesto/2022-06-09/44-pWtGTkmF6nbr','A','supervisor','2022-06-09 15:11:30','/Manifiesto-001'),
(177,71,'71-w2UJtn6GeiP8','manifiesto-admin-2022-06-10-11-44-40.xls','application/x-ole-storage',10240,'manifiesto/manifiesto/2022-06-10/71-w2UJtn6GeiP8','A','admin','2022-06-10 11:44:40','/Manifiesto-001'),
(178,121,'121-EAk72D9vrc7Z','MANIFIESTO 01.pdf','application/pdf',35526,'Manifiesto/ManifiestoUsuario/2022-06-10/121-EAk72D9vrc7Z','A','truiz','2022-06-10 13:37:08','/faces/Upload'),
(179,71,'71-k3zY2mAQy69Z','manifiesto-admin-2022-06-13-15-48-11.xls','application/x-ole-storage',23552,'manifiesto/manifiesto/2022-06-13/71-k3zY2mAQy69Z','A','admin','2022-06-13 15:48:11','/Manifiesto-001'),
(180,122,'122-7ZuJKqrMpY6m','MANIFIESTO SEM 01MAR22 al 06MAR22.pdf','application/pdf',101634,'Manifiesto/ManifiestoUsuario/2022-06-14/122-7ZuJKqrMpY6m','A','jmartinez','2022-06-14 19:01:34','/faces/Upload'),
(181,123,'123-Tx8rHMvRfFnx','MANIFIESTO SEM 01MAR22 al 06MAR22.pdf','application/pdf',101634,'Manifiesto/ManifiestoUsuario/2022-06-15/123-Tx8rHMvRfFnx','A','jmartinez','2022-06-15 09:37:39','/faces/Upload'),
(182,124,'124-6CjizDWXcBNr','MANIFIESTO SEM 01MAR22 al 06MAR22.pdf','application/pdf',101634,'Manifiesto/ManifiestoUsuario/2022-06-15/124-6CjizDWXcBNr','A','jmartinez','2022-06-15 09:40:29','/faces/Upload'),
(183,45,'45-dZF6ZDAwp6Dk','manifiesto-jmartinez-2022-06-15-09-58-41.xls','application/x-ole-storage',8192,'manifiesto/manifiesto/2022-06-15/45-dZF6ZDAwp6Dk','A','jmartinez','2022-06-15 09:58:42','/Manifiesto-001'),
(184,137,'137-rz3NXVudpae2','FEBRERO PRIMERA QUINCENA 2022 2.pdf','application/pdf',49290,'Manifiesto/ManifiestoUsuario/2022-06-16/137-rz3NXVudpae2','A','stovar','2022-06-16 10:17:58','/faces/Upload'),
(185,139,'139-MU8UUjH32GdV','SOPORTE HELISTAR 23-02-2022.pdf','application/pdf',1827235,'Manifiesto/ManifiestoUsuario/2022-06-16/139-MU8UUjH32GdV','A','hloaiza','2022-06-16 10:59:06','/faces/Upload'),
(186,140,'140-hrGDCC5XbrhT','03. REPORTE SEMANAL 21MAR22 AL 27MAR22 AMERICAN.pdf','application/pdf',202260,'Manifiesto/ManifiestoUsuario/2022-06-16/140-hrGDCC5XbrhT','A','hloaiza','2022-06-16 11:02:03','/faces/Upload'),
(187,142,'142-9k5tDPfZQMMm','JET SMART Formulario liquidacion timbre 1 DICI 2019 -30 MARZO 2020.pdf','application/pdf',484901,'Manifiesto/ManifiestoUsuario/2022-06-16/142-9k5tDPfZQMMm','A','hloaiza','2022-06-16 11:13:57','/faces/Upload'),
(188,148,'148-C6kbcWiPtabY','AIR CANADA  02-08 MARZO.pdf','application/pdf',279019,'Manifiesto/ManifiestoUsuario/2022-06-16/148-C6kbcWiPtabY','A','hloaiza','2022-06-16 12:00:51','/faces/Upload'),
(189,49,'49-BdJf65dC4jp8','manifiesto-hloaiza-2022-06-16-12-14-03.xls','application/x-ole-storage',9216,'manifiesto/manifiesto/2022-06-16/49-BdJf65dC4jp8','A','hloaiza','2022-06-16 12:14:04','/Manifiesto-001'),
(190,63,'63-J2A2yHDmjukJ','manifiesto-rodriguezm-2022-06-16-16-27-42.xls','application/x-ole-storage',13824,'manifiesto/manifiesto/2022-06-16/63-J2A2yHDmjukJ','A','rodriguezm','2022-06-16 16:27:43','/Manifiesto-001'),
(191,44,'44-BhN6zu9FN6vz','manifiesto-supervisor-2022-06-23-14-43-59.xls','application/x-ole-storage',49152,'manifiesto/manifiesto/2022-06-23/44-BhN6zu9FN6vz','A','supervisor','2022-06-23 14:44:01','/Manifiesto-001'),
(192,169,'169-Aj4Wb2af6uwx','Adjunto de 3 paginas.pdf','application/pdf',50713,'Manifiesto/ManifiestoUsuario/2022-06-28/169-Aj4Wb2af6uwx','A','jmartinez','2022-06-28 15:51:23','/faces/Upload'),
(193,165,'165-kW8GxBeMHE9B','virtual-box-for-dummies-ebook-spl.pdf','application/pdf',3960753,'Manifiesto/ManifiestoUsuario/2022-07-01/165-kW8GxBeMHE9B','X','root','2022-07-01 15:57:36','/faces/Upload'),
(194,165,'165-iGZBbHqqEkGT','virtual-box-for-dummies-ebook-spl.pdf','application/pdf',3960753,'Manifiesto/ManifiestoUsuario/2022-07-01/165-iGZBbHqqEkGT','A','root','2022-07-01 15:57:38','/faces/Upload'),
(195,48,'48-eUQGZKr8XCAh','manifiesto-cgaribello-2022-07-19-09-44-27.xls','application/x-ole-storage',7680,'manifiesto/manifiesto/2022-07-19/48-eUQGZKr8XCAh','A','cgaribello','2022-07-19 09:44:28','/Manifiesto-001'),
(196,48,'48-YuDfGhMMAtVE','manifiesto-cgaribello-2022-07-25-15-20-45.xls','application/x-ole-storage',15872,'manifiesto/manifiesto/2022-07-25/48-YuDfGhMMAtVE','A','cgaribello','2022-07-25 15:20:46','/Manifiesto-001'),
(197,48,'48-xMFrThAF5P2N','manifiesto-cgaribello-2022-07-26-16-03-26.xls','application/x-ole-storage',11776,'manifiesto/manifiesto/2022-07-26/48-xMFrThAF5P2N','A','cgaribello','2022-07-26 16:03:27','/Manifiesto-001'),
(198,181,'181-W6mzJbcvfUkZ','MANUAL PORTAL AEROCIVIL V05.pdf','application/pdf',2450893,'Manifiesto/ManifiestoUsuario/2022-07-26/181-W6mzJbcvfUkZ','A','hloaiza','2022-07-26 16:44:44','/faces/Upload'),
(199,181,'181-m6RcVnxKkM83','MANIFIESTO SEM 21FEB22 al 27FEB22.pdf','application/pdf',126613,'Manifiesto/ManifiestoUsuario/2022-07-26/181-m6RcVnxKkM83','A','hloaiza','2022-07-26 16:45:24','/faces/Upload'),
(200,181,'181-QdqARyvEHGEP','MANIFIESTO SEM 01MAR22 al 06MAR22.pdf','application/pdf',101634,'Manifiesto/ManifiestoUsuario/2022-07-26/181-QdqARyvEHGEP','A','hloaiza','2022-07-26 16:45:44','/faces/Upload'),
(201,49,'49-zuGQfywENCN4','manifiesto-hloaiza-2022-07-26-16-48-12.xls','application/x-ole-storage',6144,'manifiesto/manifiesto/2022-07-26/49-zuGQfywENCN4','A','hloaiza','2022-07-26 16:48:13','/Manifiesto-001');
/*!40000 ALTER TABLE `archivo` ENABLE KEYS */;
UNLOCK TABLES;

--
-- Table structure for table `archivo_evento`
--

DROP TABLE IF EXISTS `archivo_evento`;
/*!40101 SET @saved_cs_client     = @@character_set_client */;
/*!40101 SET character_set_client = utf8 */;
CREATE TABLE `archivo_evento` (
  `id_archivo_evento` int NOT NULL AUTO_INCREMENT,
  `id_archivo` int DEFAULT NULL COMMENT 'Id archivo',
  `informacion` varchar(512) NOT NULL COMMENT 'Informacion de la accion: Ip+host+userAgent',
  `tipo` varchar(8) NOT NULL COMMENT 'I=in O=out X=eliminado',
  `usuario` varchar(128) NOT NULL COMMENT 'Usuario que realizo el cambio',
  `usuario_fecha` datetime NOT NULL DEFAULT CURRENT_TIMESTAMP COMMENT 'Fecha de insercion del registro',
  `usuario_programa` varchar(256) NOT NULL COMMENT 'Programa usado para el cambio',
  PRIMARY KEY (`id_archivo_evento`),
  KEY `archivo_evento_FK` (`id_archivo`),
  CONSTRAINT `archivo_evento_FK` FOREIGN KEY (`id_archivo`) REFERENCES `archivo` (`id_archivo`)
) ENGINE=InnoDB AUTO_INCREMENT=154 DEFAULT CHARSET=utf8mb4 COLLATE=utf8mb4_0900_ai_ci;
/*!40101 SET character_set_client = @saved_cs_client */;

--
-- Dumping data for table `archivo_evento`
--

LOCK TABLES `archivo_evento` WRITE;
/*!40000 ALTER TABLE `archivo_evento` DISABLE KEYS */;
INSERT INTO `archivo_evento` VALUES
(8,111,'Archivo Creado desde elemento base','C','aerolinea','2022-04-20 21:57:57','/faces/Upload'),
(9,111,'Descarga de elemento','D','aerolinea','2022-04-20 21:58:23','/faces/Download'),
(10,111,'Descarga de elemento','D','admin','2022-04-21 08:42:17','/faces/Download'),
(11,112,'Archivo Creado desde elemento base','C','aerolinea','2022-04-21 09:31:40','/faces/Upload'),
(12,112,'Descarga de elemento','D','aerolinea','2022-04-21 09:31:56','/faces/Download'),
(13,112,'Descarga de elemento','D','admin','2022-04-21 09:33:13','/faces/Download'),
(14,113,'Archivo Creado desde elemento base','C','aerolinea','2022-04-21 11:39:54','/faces/Upload'),
(15,114,'Archivo Creado desde elemento base','C','aerolinea','2022-04-21 18:17:25','/faces/Upload'),
(16,114,'Descarga de elemento','D','aerolinea','2022-04-21 18:17:45','/faces/Download'),
(17,115,'Archivo Generado al solicitar un reporte','C','admin','2022-04-25 20:01:04','/Manifiesto-001'),
(18,115,'Descarga de elemento','D','admin','2022-04-25 20:01:06','/faces/Download'),
(20,117,'Archivo Generado al solicitar un reporte','C','admin','2022-04-25 20:02:18','/Manifiesto-001'),
(21,117,'Descarga de elemento','D','admin','2022-04-25 20:02:22','/faces/Download'),
(22,118,'Archivo Generado al solicitar un reporte','C','admin','2022-04-25 20:05:16','/Manifiesto-001'),
(23,118,'Descarga de elemento','D','admin','2022-04-25 20:05:18','/faces/Download'),
(24,111,'Descarga de elemento','D','admin','2022-04-25 20:05:33','/faces/Download'),
(25,119,'Archivo Generado al solicitar un reporte','C','admin','2022-04-25 20:06:16','/Manifiesto-001'),
(26,120,'Archivo Generado al solicitar un reporte','C','admin','2022-04-25 20:06:24','/Manifiesto-001'),
(27,121,'Archivo Generado al solicitar un reporte','C','admin','2022-04-25 23:47:24','/Manifiesto-001'),
(28,121,'Descarga de elemento','D','admin','2022-04-25 23:47:26','/faces/Download'),
(29,122,'Archivo Generado al solicitar un reporte','C','AEROLINEA','2022-04-26 09:24:16','/Manifiesto-001'),
(30,122,'Descarga de elemento','D','AEROLINEA','2022-04-26 09:24:19','/faces/Download'),
(31,123,'Archivo Creado desde elemento base','C','AEROLINEA','2022-04-26 10:10:47','/faces/Upload'),
(32,124,'Archivo Creado desde elemento base','C','AEROLINEA','2022-04-26 10:10:50','/faces/Upload'),
(33,125,'Archivo Generado al solicitar un reporte','C','AEROLINEA','2022-04-26 10:20:49','/Manifiesto-001'),
(34,125,'Descarga de elemento','D','AEROLINEA','2022-04-26 10:20:53','/faces/Download'),
(35,124,'Descarga de elemento','D','AEROLINEA','2022-04-26 10:23:27','/faces/Download'),
(36,126,'Archivo Generado al solicitar un reporte','C','SUPERVISOR','2022-04-26 10:27:36','/Manifiesto-001'),
(37,126,'Descarga de elemento','D','SUPERVISOR','2022-04-26 10:27:39','/faces/Download'),
(38,127,'Archivo Generado al solicitar un reporte','C','SUPERVISOR','2022-04-26 10:29:53','/Manifiesto-001'),
(39,127,'Descarga de elemento','D','SUPERVISOR','2022-04-26 10:30:01','/faces/Download'),
(40,128,'Archivo Generado al solicitar un reporte','C','SUPERVISOR','2022-04-26 10:31:38','/Manifiesto-001'),
(41,128,'Descarga de elemento','D','SUPERVISOR','2022-04-26 10:31:52','/faces/Download'),
(42,129,'Archivo Creado desde elemento base','C','aerolinea','2022-04-26 16:37:43','/faces/Upload'),
(43,129,'Descarga de elemento','D','aerolinea','2022-04-26 16:38:09','/faces/Download'),
(44,130,'Archivo Generado al solicitar un reporte','C','aerolinea','2022-04-26 16:41:56','/Manifiesto-001'),
(45,130,'Descarga de elemento','D','aerolinea','2022-04-26 16:41:59','/faces/Download'),
(46,131,'Archivo Generado al solicitar un reporte','C','admin','2022-04-27 01:15:03','/Manifiesto-001'),
(47,131,'Descarga de elemento','D','admin','2022-04-27 01:15:05','/faces/Download'),
(48,132,'Archivo Generado al solicitar un reporte','C','aerolinea','2022-04-27 11:46:00','/Manifiesto-001'),
(49,132,'Descarga de elemento','D','aerolinea','2022-04-27 11:46:03','/faces/Download'),
(50,133,'Archivo Generado al solicitar un reporte','C','admin','2022-04-27 12:13:33','/Manifiesto-001'),
(51,133,'Descarga de elemento','D','admin','2022-04-27 12:13:38','/faces/Download'),
(52,134,'Archivo Creado desde elemento base','C','aerolinea','2022-05-02 14:15:50','/faces/Upload'),
(53,135,'Archivo Creado desde elemento base','C','aerolinea','2022-05-02 14:29:52','/faces/Upload'),
(54,136,'Archivo Creado desde elemento base','C','aerolinea','2022-05-13 11:07:38','/faces/Upload'),
(55,137,'Archivo Creado desde elemento base','C','pgomez','2022-06-02 19:18:50','/faces/Upload'),
(56,138,'Archivo Creado desde elemento base','C','pgomez','2022-06-03 09:44:35','/faces/Upload'),
(57,139,'Archivo Creado desde elemento base','C','aerolinea','2022-06-03 12:08:13','/faces/Upload'),
(58,140,'Archivo Creado desde elemento base','C','pgomez','2022-06-03 12:51:32','/faces/Upload'),
(59,139,'Descarga de elemento','D','aerolinea','2022-06-03 13:01:43','/faces/Download'),
(60,141,'Archivo Creado desde elemento base','C','aerolinea','2022-06-03 15:41:40','/faces/Upload'),
(61,142,'Archivo Creado desde elemento base','C','aerolinea','2022-06-03 15:41:43','/faces/Upload'),
(62,143,'Archivo Generado al solicitar un reporte','C','aerolinea','2022-06-03 16:02:28','/Manifiesto-001'),
(63,143,'Descarga de elemento','D','aerolinea','2022-06-03 16:03:00','/faces/Download'),
(64,144,'Archivo Generado al solicitar un reporte','C','ADMIN','2022-06-03 17:38:32','/Manifiesto-001'),
(65,144,'Descarga de elemento','D','ADMIN','2022-06-03 17:38:35','/faces/Download'),
(66,144,'Descarga de elemento','D','ADMIN','2022-06-03 17:38:46','/faces/Download'),
(67,145,'Archivo Generado al solicitar un reporte','C','ADMIN','2022-06-03 17:39:19','/Manifiesto-001'),
(68,145,'Descarga de elemento','D','ADMIN','2022-06-03 17:39:21','/faces/Download'),
(69,137,'Descarga de elemento','D','ADMIN','2022-06-03 17:54:25','/faces/Download'),
(70,146,'Archivo Creado desde elemento base','C','TRUIZ','2022-06-03 21:47:52','/faces/Upload'),
(71,147,'Archivo Generado al solicitar un reporte','C','ADMIN','2022-06-04 20:03:11','/Manifiesto-001'),
(72,147,'Descarga de elemento','D','ADMIN','2022-06-04 20:03:14','/faces/Download'),
(73,147,'Descarga de elemento','D','ADMIN','2022-06-04 20:03:36','/faces/Download'),
(74,148,'Archivo Generado al solicitar un reporte','C','ADMIN','2022-06-04 20:05:15','/Manifiesto-001'),
(75,148,'Descarga de elemento','D','ADMIN','2022-06-04 20:05:17','/faces/Download'),
(76,149,'Archivo Creado desde elemento base','C','jmartinez','2022-06-04 22:32:30','/faces/Upload'),
(77,150,'Archivo Creado desde elemento base','C','jmartinez','2022-06-04 22:40:48','/faces/Upload'),
(78,151,'Archivo Creado desde elemento base','C','jmartinez','2022-06-04 23:42:03','/faces/Upload'),
(79,152,'Archivo Creado desde elemento base','C','jmartinez','2022-06-05 00:19:51','/faces/Upload'),
(80,153,'Archivo Creado desde elemento base','C','jmartinez','2022-06-05 00:22:11','/faces/Upload'),
(81,154,'Archivo Creado desde elemento base','C','jmartinez','2022-06-05 00:23:56','/faces/Upload'),
(82,155,'Archivo Creado desde elemento base','C','jmartinez','2022-06-05 00:25:58','/faces/Upload'),
(83,156,'Archivo Creado desde elemento base','C','jmartinez','2022-06-05 00:28:19','/faces/Upload'),
(84,157,'Archivo Creado desde elemento base','C','jmartinez','2022-06-05 00:29:46','/faces/Upload'),
(85,158,'Archivo Generado al solicitar un reporte','C','jmartinez','2022-06-05 00:31:57','/Manifiesto-001'),
(86,158,'Descarga de elemento','D','jmartinez','2022-06-05 00:31:59','/faces/Download'),
(87,159,'Archivo Generado al solicitar un reporte','C','jmartinez','2022-06-05 00:32:38','/Manifiesto-001'),
(88,159,'Descarga de elemento','D','jmartinez','2022-06-05 00:32:40','/faces/Download'),
(89,160,'Archivo Generado al solicitar un reporte','C','supervisor','2022-06-05 01:23:23','/Manifiesto-001'),
(90,160,'Descarga de elemento','D','supervisor','2022-06-05 01:23:26','/faces/Download'),
(91,161,'Archivo Creado desde elemento base','C','jmartinez','2022-06-05 01:49:44','/faces/Upload'),
(92,162,'Archivo Creado desde elemento base','C','TRUIZ','2022-06-06 13:09:20','/faces/Upload'),
(93,163,'Archivo Creado desde elemento base','C','TRUIZ','2022-06-06 14:36:02','/faces/Upload'),
(94,164,'Archivo Creado desde elemento base','C','TRUIZ','2022-06-06 21:18:12','/faces/Upload'),
(95,165,'Archivo Creado desde elemento base','C','aerolinea','2022-06-06 21:33:54','/faces/Upload'),
(96,166,'Archivo Creado desde elemento base','C','TRUIZ','2022-06-07 11:07:36','/faces/Upload'),
(97,167,'Archivo Creado desde elemento base','C','aerolinea','2022-06-08 07:15:18','/faces/Upload'),
(98,168,'Archivo Creado desde elemento base','C','truiz','2022-06-08 08:36:37','/faces/Upload'),
(99,169,'Archivo Creado desde elemento base','C','truiz','2022-06-08 08:48:03','/faces/Upload'),
(100,170,'Archivo Creado desde elemento base','C','truiz','2022-06-08 10:20:04','/faces/Upload'),
(101,171,'Archivo Generado al solicitar un reporte','C','root','2022-06-08 10:33:13','/Manifiesto-001'),
(102,171,'Descarga de elemento','D','root','2022-06-08 10:33:16','/faces/Download'),
(103,172,'Archivo Creado desde elemento base','C','truiz','2022-06-08 12:35:05','/faces/Upload'),
(104,173,'Archivo Creado desde elemento base','C','truiz','2022-06-08 12:35:24','/faces/Upload'),
(105,174,'Archivo Creado desde elemento base','C','truiz','2022-06-08 12:35:28','/faces/Upload'),
(106,173,'Descarga de elemento','D','root','2022-06-08 23:50:37','/faces/Download'),
(107,175,'Archivo Creado desde elemento base','C','aerolinea','2022-06-09 08:52:36','/faces/Upload'),
(108,175,'Descarga de elemento','D','aerolinea','2022-06-09 08:54:08','/faces/Download'),
(109,176,'Archivo Generado al solicitar un reporte','C','supervisor','2022-06-09 15:11:30','/Manifiesto-001'),
(110,176,'Descarga de elemento','D','supervisor','2022-06-09 15:11:32','/faces/Download'),
(111,177,'Archivo Generado al solicitar un reporte','C','admin','2022-06-10 11:44:40','/Manifiesto-001'),
(112,177,'Descarga de elemento','D','admin','2022-06-10 11:46:35','/faces/Download'),
(113,177,'Descarga de elemento','D','admin','2022-06-10 11:47:14','/faces/Download'),
(114,157,'Descarga de elemento','D','admin','2022-06-10 12:38:35','/faces/Download'),
(115,178,'Archivo Creado desde elemento base','C','truiz','2022-06-10 13:37:09','/faces/Upload'),
(116,157,'Descarga de elemento','D','admin','2022-06-13 15:43:32','/faces/Download'),
(117,179,'Archivo Generado al solicitar un reporte','C','admin','2022-06-13 15:48:11','/Manifiesto-001'),
(118,179,'Descarga de elemento','D','admin','2022-06-13 15:48:15','/faces/Download'),
(119,161,'Descarga de elemento','D','jmartinez','2022-06-14 18:52:40','/faces/Download'),
(120,180,'Archivo Creado desde elemento base','C','jmartinez','2022-06-14 19:01:34','/faces/Upload'),
(121,180,'Descarga de elemento','D','jmartinez','2022-06-15 09:29:21','/faces/Download'),
(122,181,'Archivo Creado desde elemento base','C','jmartinez','2022-06-15 09:37:39','/faces/Upload'),
(123,182,'Archivo Creado desde elemento base','C','jmartinez','2022-06-15 09:40:29','/faces/Upload'),
(124,183,'Archivo Generado al solicitar un reporte','C','jmartinez','2022-06-15 09:58:42','/Manifiesto-001'),
(125,183,'Descarga de elemento','D','jmartinez','2022-06-15 09:58:45','/faces/Download'),
(126,184,'Archivo Creado desde elemento base','C','stovar','2022-06-16 10:17:58','/faces/Upload'),
(127,185,'Archivo Creado desde elemento base','C','hloaiza','2022-06-16 10:59:06','/faces/Upload'),
(128,186,'Archivo Creado desde elemento base','C','hloaiza','2022-06-16 11:02:03','/faces/Upload'),
(129,187,'Archivo Creado desde elemento base','C','hloaiza','2022-06-16 11:13:57','/faces/Upload'),
(130,188,'Archivo Creado desde elemento base','C','hloaiza','2022-06-16 12:00:51','/faces/Upload'),
(131,189,'Archivo Generado al solicitar un reporte','C','hloaiza','2022-06-16 12:14:04','/Manifiesto-001'),
(132,189,'Descarga de elemento','D','hloaiza','2022-06-16 12:14:06','/faces/Download'),
(133,190,'Archivo Generado al solicitar un reporte','C','rodriguezm','2022-06-16 16:27:43','/Manifiesto-001'),
(134,190,'Descarga de elemento','D','rodriguezm','2022-06-16 16:27:56','/faces/Download'),
(135,191,'Archivo Generado al solicitar un reporte','C','supervisor','2022-06-23 14:44:01','/Manifiesto-001'),
(136,191,'Descarga de elemento','D','supervisor','2022-06-23 14:44:04','/faces/Download'),
(137,185,'Descarga de elemento','D','root','2022-06-28 10:35:46','/faces/Download'),
(138,192,'Archivo Creado desde elemento base','C','jmartinez','2022-06-28 15:51:23','/faces/Upload'),
(139,193,'Archivo Creado desde elemento base','C','root','2022-07-01 15:57:36','/faces/Upload'),
(140,194,'Archivo Creado desde elemento base','C','root','2022-07-01 15:57:38','/faces/Upload'),
(141,195,'Archivo Generado al solicitar un reporte','C','cgaribello','2022-07-19 09:44:28','/Manifiesto-001'),
(142,195,'Descarga de elemento','D','cgaribello','2022-07-19 09:44:30','/faces/Download'),
(143,196,'Archivo Generado al solicitar un reporte','C','cgaribello','2022-07-25 15:20:46','/Manifiesto-001'),
(144,196,'Descarga de elemento','D','cgaribello','2022-07-25 15:20:59','/faces/Download'),
(145,157,'Descarga de elemento','D','cgaribello','2022-07-25 15:26:52','/faces/Download'),
(146,197,'Archivo Generado al solicitar un reporte','C','cgaribello','2022-07-26 16:03:27','/Manifiesto-001'),
(147,197,'Descarga de elemento','D','cgaribello','2022-07-26 16:03:30','/faces/Download'),
(148,161,'Descarga de elemento','D','cgaribello','2022-07-26 16:10:40','/faces/Download'),
(149,198,'Archivo Creado desde elemento base','C','hloaiza','2022-07-26 16:44:44','/faces/Upload'),
(150,199,'Archivo Creado desde elemento base','C','hloaiza','2022-07-26 16:45:24','/faces/Upload'),
(151,200,'Archivo Creado desde elemento base','C','hloaiza','2022-07-26 16:45:44','/faces/Upload'),
(152,201,'Archivo Generado al solicitar un reporte','C','hloaiza','2022-07-26 16:48:13','/Manifiesto-001'),
(153,201,'Descarga de elemento','D','hloaiza','2022-07-26 16:48:14','/faces/Download');
/*!40000 ALTER TABLE `archivo_evento` ENABLE KEYS */;
UNLOCK TABLES;

--
-- Table structure for table `formato`
--

DROP TABLE IF EXISTS `formato`;
/*!40101 SET @saved_cs_client     = @@character_set_client */;
/*!40101 SET character_set_client = utf8 */;
CREATE TABLE `formato` (
  `id_formato` int NOT NULL AUTO_INCREMENT COMMENT 'Id Formato',
  `indice` varchar(32) DEFAULT NULL COMMENT 'Indice de formato de envio',
  `nombre` varchar(128) NOT NULL COMMENT 'Nombre del parametro',
  `formato_html` varchar(4096) NOT NULL COMMENT 'Formato Html del Servicio',
  `usuario` varchar(128) NOT NULL COMMENT 'Usuario que realizo el cambio',
  `usuario_fecha` datetime NOT NULL DEFAULT CURRENT_TIMESTAMP COMMENT 'Fecha de insercion del registro',
  `usuario_programa` varchar(256) NOT NULL COMMENT 'Programa usado para el cambio',
  PRIMARY KEY (`id_formato`)
) ENGINE=InnoDB AUTO_INCREMENT=5 DEFAULT CHARSET=utf8mb4 COLLATE=utf8mb4_0900_ai_ci;
/*!40101 SET character_set_client = @saved_cs_client */;

--
-- Dumping data for table `formato`
--

LOCK TABLES `formato` WRITE;
/*!40000 ALTER TABLE `formato` DISABLE KEYS */;
INSERT INTO `formato` VALUES
(1,'MAIL_FORMAT_01','Formato de correo + ip dispositivo','<table border=\"0\" cellpadding=\"0\" align=\"center\" cellspacing=\"0\" width=\"600\"> <tr> <td align=\"center\" bgcolor=\"#ffffff\" width=\"300\" style=\"background: #ffffff; padding: 56px 56px 56px 56px;\">  <img data-imagetype=\"External\" src=\"http://3.139.25.45:28080/Imagen-001/imagenes/azul/undraw_security_o890.svg\" width=\"321\"/> </td> </tr> <tr> <td> {cuerpo} </td> </tr><tr><td> <table border=\"0\" cellpadding=\"0\" align=\"center\" cellspacing=\"0\" width=\"600\" style=\"margin: 0 auto; padding: 0\"><tbody><tr><td align=\"center\" bgcolor=\"#ffffff\" width=\"600\" style=\"background: #fff; padding: 0 56px; width: 100%\"><table border=\"0\" cellspacing=\"0\" cellpadding=\"0\" width=\"100%\"><tbody><tr><td style=\"padding: 40px 0 20px 0\"><strong>Dispositivo</strong>: </td></tr><tr><td style=\"padding: 0 0 4px 0\">La dirección IP: {ip}</td></tr><tr><td style=\"padding: 0 0 20px 0\">Navegador: {dispositivo}</td></tr></tbody></table></td></tr></tbody></table></td></tr></table>','omar','2022-06-09 23:09:46','manual'),
(2,'MAIL_FORMAT_02','Formato de correo','<table border=\"0\" cellpadding=\"0\" align=\"center\" cellspacing=\"0\" width=\"600\"><tr> <td align=\"center\" bgcolor=\"#ffffff\" width=\"300\" style=\"background: #ffffff; padding: 56px 56px 56px 56px;\">  <img data-imagetype=\"External\" src=\"https://www.aerocivil.gov.co/Logos%20encabezado%20master/logo-aeronautica.svg\" width=\"321\"/> </td> </tr> <tr><td> {cuerpo} </td> </tr> </table>','omar','2022-06-09 23:09:46','manual');
/*!40000 ALTER TABLE `formato` ENABLE KEYS */;
UNLOCK TABLES;

--
-- Table structure for table `grupo`
--

DROP TABLE IF EXISTS `grupo`;
/*!40101 SET @saved_cs_client     = @@character_set_client */;
/*!40101 SET character_set_client = utf8 */;
CREATE TABLE `grupo` (
  `id_grupo` int NOT NULL AUTO_INCREMENT,
  `id` int NOT NULL COMMENT 'Indice de referencia de la base de datos',
  `esquema` varchar(16) NOT NULL COMMENT 'Esquema base datos',
  `tabla` varchar(32) NOT NULL COMMENT 'Tabla base de datos',
  `largo_maximo` int DEFAULT '1048576' COMMENT 'Largo del archivo a ser procesado (bytes)',
  `extensiones` varchar(128) DEFAULT 'jpg, png' COMMENT 'Extensiones que el sistema permite ingresar',
  `ancho` int NOT NULL DEFAULT '0' COMMENT 'Ancho maximo de las imagenes',
  `alto` int NOT NULL DEFAULT '0' COMMENT 'alto maximo de las imagenes',
  `maximo_archivo` int DEFAULT '1',
  `usuario` varchar(128) NOT NULL COMMENT 'Usuario que realizo el cambio',
  `usuario_fecha` datetime NOT NULL DEFAULT CURRENT_TIMESTAMP COMMENT 'Fecha de insercion del registro',
  `usuario_programa` varchar(256) NOT NULL COMMENT 'Programa usado para el cambio',
  PRIMARY KEY (`id_grupo`),
  KEY `grupo_id_IDX` (`id`,`esquema`,`tabla`) USING BTREE
) ENGINE=InnoDB AUTO_INCREMENT=182 DEFAULT CHARSET=utf8mb4 COLLATE=utf8mb4_0900_ai_ci;
/*!40101 SET character_set_client = @saved_cs_client */;

--
-- Dumping data for table `grupo`
--

LOCK TABLES `grupo` WRITE;
/*!40000 ALTER TABLE `grupo` DISABLE KEYS */;
INSERT INTO `grupo` VALUES
(39,0,'Manifiesto','Manifiesto',8290304,'pdf, doc, docx',1000,100,3,'omar','2022-03-30 08:22:36','manual-test'),
(40,21,'Manifiesto','Manifiesto',8290304,'pdf, doc, docx',1000,100,3,'omar','2022-03-30 08:24:04','manual-test'),
(41,22,'Manifiesto','Manifiesto',8290304,'pdf, doc, docx',1000,100,1,'omar','2022-03-30 20:24:20','manual-test'),
(42,23,'Manifiesto','Manifiesto',8290304,'pdf, doc, docx',1000,100,1,'omar','2022-03-30 21:10:17','manual-test'),
(43,24,'Manifiesto','Manifiesto',8290304,'pdf, doc, docx',1000,100,1,'omar','2022-04-01 07:16:20','manual-test'),
(44,25,'Manifiesto','Manifiesto',8290304,'pdf, doc, docx',1000,100,1,'omar','2022-04-01 09:21:44','manual-test'),
(45,26,'Manifiesto','Manifiesto',8290304,'pdf, doc, docx',1000,100,1,'omar','2022-04-01 09:42:37','manual-test'),
(46,27,'Manifiesto','Manifiesto',8290304,'pdf, doc, docx',1000,100,1,'omar','2022-04-01 09:46:27','manual-test'),
(47,28,'Manifiesto','Manifiesto',8290304,'pdf, doc, docx',1000,100,1,'omar','2022-04-01 09:48:42','manual-test'),
(48,29,'Manifiesto','Manifiesto',8290304,'pdf, doc, docx',1000,100,1,'omar','2022-04-01 09:54:16','manual-test'),
(49,30,'Manifiesto','Manifiesto',8290304,'pdf, doc, docx',1000,100,1,'omar','2022-04-01 14:45:22','manual-test'),
(50,31,'Manifiesto','Manifiesto',8290304,'pdf, doc, docx',1000,100,1,'omar','2022-04-01 14:56:38','manual-test'),
(51,32,'Manifiesto','Manifiesto',8290304,'pdf, doc, docx',1000,100,1,'omar','2022-04-05 11:52:38','manual-test'),
(52,33,'Manifiesto','Manifiesto',8290304,'pdf, doc, docx',1000,100,1,'omar','2022-04-05 15:11:23','manual-test'),
(53,17,'Manifiesto','Manifiesto',8290304,'pdf, doc, docx',1000,100,1,'omar','2022-04-05 15:11:56','manual-test'),
(54,19,'Manifiesto','Manifiesto',8290304,'pdf, doc, docx',1000,100,1,'omar','2022-04-05 15:13:50','manual-test'),
(55,34,'Manifiesto','Manifiesto',8290304,'pdf, doc, docx',1000,100,1,'omar','2022-04-07 19:01:03','manual-test'),
(56,35,'Manifiesto','Manifiesto',8290304,'pdf, doc, docx',1000,100,1,'omar','2022-04-12 10:08:42','manual-test'),
(57,36,'Manifiesto','Manifiesto',8290304,'pdf, doc, docx',1000,100,1,'omar','2022-04-12 17:51:13','manual-test'),
(58,37,'Manifiesto','Manifiesto',8290304,'pdf, doc, docx',1000,100,1,'omar','2022-04-12 20:01:15','manual-test'),
(59,38,'Manifiesto','Manifiesto',8290304,'pdf, doc, docx',1000,100,1,'omar','2022-04-12 22:10:25','manual-test'),
(60,39,'Manifiesto','Manifiesto',8290304,'pdf, doc, docx',1000,100,1,'omar','2022-04-18 16:12:16','manual-test'),
(61,0,'Manifiesto','ManifiestoUsuario',8290304,'pdf, doc, docx',1000,100,1,'aerolinea','2022-04-19 09:01:59','http://3.139.25.45:28082'),
(62,40,'Manifiesto','ManifiestoUsuario',8290304,'pdf, doc, docx',1000,100,1,'aerolinea','2022-04-20 21:53:59','http://3.139.25.45:28082'),
(63,40,'Manifiesto','Manifiesto',8290304,'pdf, doc, docx',1000,100,3,'admin','2022-04-20 22:41:10','http://3.139.25.45:28082'),
(64,35,'Manifiesto','ManifiestoUsuario',8290304,'pdf, doc, docx',1000,100,1,'admin','2022-04-21 08:40:42','http://3.139.25.45:28082'),
(65,38,'Manifiesto','ManifiestoUsuario',8290304,'pdf, doc, docx',1000,100,1,'admin','2022-04-21 08:42:04','http://3.139.25.45:28082'),
(66,41,'Manifiesto','ManifiestoUsuario',8290304,'pdf, doc, docx',1000,100,1,'aerolinea','2022-04-21 09:31:09','http://3.139.25.45:28082'),
(67,37,'Manifiesto','ManifiestoUsuario',8290304,'pdf, doc, docx',1000,100,1,'admin','2022-04-21 09:33:01','http://3.139.25.45:28082'),
(68,42,'Manifiesto','ManifiestoUsuario',8290304,'pdf, doc, docx',1000,100,1,'aerolinea','2022-04-21 10:33:05','http://3.139.25.45:28082'),
(69,43,'Manifiesto','ManifiestoUsuario',8290304,'pdf, doc, docx',1000,100,1,'aerolinea','2022-04-21 11:39:33','http://3.139.25.45:28082'),
(70,44,'Manifiesto','ManifiestoUsuario',8290304,'pdf, doc, docx',1000,100,1,'aerolinea','2022-04-21 18:16:17','http://3.139.25.45:28082'),
(71,13,'manifiesto','manifiesto',-1024,'xls, xlsx,',1900,1080,-1,'admin','2022-04-25 20:01:03','/Manifiesto-001'),
(72,18,'manifiesto','manifiesto',-1024,'xls, xlsx,',1900,1080,-1,'AEROLINEA','2022-04-26 09:24:16','/Manifiesto-001'),
(73,45,'Manifiesto','ManifiestoUsuario',8290304,'pdf, doc, docx',1000,100,1,'AEROLINEA','2022-04-26 10:07:10','http://3.139.25.45:28082'),
(74,46,'Manifiesto','ManifiestoUsuario',8290304,'pdf, doc, docx',1000,100,1,'aerolinea','2022-04-26 16:36:46','http://3.139.25.45:28082'),
(75,24,'Manifiesto','ManifiestoUsuario',8290304,'pdf, doc, docx',1000,100,1,'aerolinea','2022-04-27 09:13:11','http://3.139.25.45:28082'),
(76,29,'Manifiesto','ManifiestoUsuario',8290304,'pdf, doc, docx',1000,100,1,'aerolinea','2022-04-27 09:13:24','http://3.139.25.45:28082'),
(77,47,'Manifiesto','ManifiestoUsuario',8290304,'pdf, doc, docx',1000,100,1,'aerolinea','2022-04-27 10:38:40','http://3.139.25.45:28082'),
(78,48,'Manifiesto','ManifiestoUsuario',8290304,'pdf, doc, docx',1000,100,1,'aerolinea','2022-04-27 11:30:12','http://3.139.25.45:28082'),
(79,49,'Manifiesto','ManifiestoUsuario',8290304,'pdf, doc, docx',1000,100,1,'aerolinea','2022-04-27 11:34:21','http://3.139.25.45:28082'),
(80,50,'Manifiesto','ManifiestoUsuario',8290304,'pdf, doc, docx',1000,100,1,'aerolinea','2022-05-02 14:12:30','http://3.139.25.45:28082'),
(81,51,'Manifiesto','ManifiestoUsuario',8290304,'pdf, doc, docx',1000,100,1,'aerolinea','2022-05-02 14:22:08','http://3.139.25.45:28082'),
(82,52,'Manifiesto','ManifiestoUsuario',8290304,'pdf, doc, docx',1000,100,1,'aerolinea','2022-05-02 14:27:58','http://3.139.25.45:28082'),
(83,53,'Manifiesto','ManifiestoUsuario',8290304,'pdf, doc, docx',1000,100,1,'aerolinea','2022-05-02 14:33:47','http://3.139.25.45:28082'),
(84,54,'Manifiesto','ManifiestoUsuario',8290304,'pdf, doc, docx',1000,100,1,'aerolinea','2022-05-02 14:44:11','http://3.139.25.45:28082'),
(85,55,'Manifiesto','ManifiestoUsuario',8290304,'pdf, doc, docx',1000,100,1,'aerolinea','2022-05-13 11:07:13','http://3.139.25.45:28082'),
(86,56,'Manifiesto','ManifiestoUsuario',8290304,'pdf, doc, docx',1000,100,1,'aerolinea','2022-06-01 08:55:06','http://3.139.25.45:28082'),
(87,57,'Manifiesto','ManifiestoUsuario',8290304,'pdf, doc, docx',1000,100,1,'pgomez','2022-06-02 19:17:49','http://3.139.25.45:28082'),
(88,58,'Manifiesto','ManifiestoUsuario',8290304,'pdf, doc, docx',1000,100,1,'pgomez','2022-06-03 09:42:50','http://3.139.25.45:28082'),
(89,59,'Manifiesto','ManifiestoUsuario',8290304,'pdf, doc, docx',1000,100,1,'aerolinea','2022-06-03 12:07:48','http://3.139.25.45:28082'),
(90,60,'Manifiesto','ManifiestoUsuario',8290304,'pdf, doc, docx',1000,100,1,'pgomez','2022-06-03 12:51:10','http://3.139.25.45:28082'),
(91,61,'Manifiesto','ManifiestoUsuario',8290304,'pdf, doc, docx',1000,100,1,'aerolinea','2022-06-03 15:28:06','http://3.139.25.45:28082'),
(92,62,'Manifiesto','ManifiestoUsuario',8290304,'pdf, doc, docx',1000,100,1,'TRUIZ','2022-06-03 19:46:39','http://3.139.25.45:28082'),
(93,63,'Manifiesto','ManifiestoUsuario',8290304,'pdf, doc, docx',1000,100,1,'TRUIZ','2022-06-03 21:47:08','http://3.139.25.45:28082'),
(94,64,'Manifiesto','ManifiestoUsuario',8290304,'pdf, doc, docx',1000,100,1,'jmartinez','2022-06-04 22:29:05','http://3.139.25.45:28082'),
(95,65,'Manifiesto','ManifiestoUsuario',8290304,'pdf, doc, docx',1000,100,1,'jmartinez','2022-06-04 23:57:28','http://3.139.25.45:28082'),
(96,66,'Manifiesto','ManifiestoUsuario',8290304,'pdf, doc, docx',1000,100,1,'jmartinez','2022-06-05 00:21:48','http://3.139.25.45:28082'),
(97,67,'Manifiesto','ManifiestoUsuario',8290304,'pdf, doc, docx',1000,100,1,'jmartinez','2022-06-05 00:23:41','http://3.139.25.45:28082'),
(98,68,'Manifiesto','ManifiestoUsuario',8290304,'pdf, doc, docx',1000,100,1,'jmartinez','2022-06-05 00:25:43','http://3.139.25.45:28082'),
(99,69,'Manifiesto','ManifiestoUsuario',8290304,'pdf, doc, docx',1000,100,1,'jmartinez','2022-06-05 00:28:01','http://3.139.25.45:28082'),
(100,70,'Manifiesto','ManifiestoUsuario',8290304,'pdf, doc, docx',1000,100,1,'jmartinez','2022-06-05 00:29:30','http://3.139.25.45:28082'),
(101,71,'Manifiesto','ManifiestoUsuario',8290304,'pdf, doc, docx',1000,100,1,'jmartinez','2022-06-05 01:49:19','http://3.139.25.45:28082'),
(102,72,'Manifiesto','ManifiestoUsuario',8290304,'pdf, doc, docx',1000,100,1,'TRUIZ','2022-06-06 13:08:23','http://3.139.25.45:28082'),
(103,73,'Manifiesto','ManifiestoUsuario',8290304,'pdf, doc, docx',1000,100,1,'TRUIZ','2022-06-06 14:35:41','http://3.139.25.45:28082'),
(104,74,'Manifiesto','ManifiestoUsuario',8290304,'pdf, doc, docx',1000,100,1,'TRUIZ','2022-06-06 21:17:16','http://3.139.25.45:28082'),
(105,75,'Manifiesto','ManifiestoUsuario',8290304,'pdf, doc, docx',1000,100,1,'TRUIZ','2022-06-06 21:33:40','http://3.139.25.45:28082'),
(106,76,'Manifiesto','ManifiestoUsuario',8290304,'pdf, doc, docx',1000,100,1,'aerolinea','2022-06-06 21:33:40','http://3.139.25.45:28082'),
(107,77,'Manifiesto','ManifiestoUsuario',8290304,'pdf, doc, docx',1000,100,1,'TRUIZ','2022-06-06 21:44:15','http://3.139.25.45:28082'),
(108,78,'Manifiesto','ManifiestoUsuario',8290304,'pdf, doc, docx',1000,100,1,'aerolinea','2022-06-06 21:44:47','http://3.139.25.45:28082'),
(109,79,'Manifiesto','ManifiestoUsuario',8290304,'pdf, doc, docx',1000,100,1,'aerolinea','2022-06-06 21:55:08','http://3.139.25.45:28082'),
(110,80,'Manifiesto','ManifiestoUsuario',8290304,'pdf, doc, docx',1000,100,1,'TRUIZ','2022-06-07 11:07:14','http://3.139.25.45:28082'),
(111,81,'Manifiesto','ManifiestoUsuario',8290304,'pdf, doc, docx',1000,100,1,'TRUIZ','2022-06-07 11:09:35','http://3.139.25.45:28082'),
(112,82,'Manifiesto','ManifiestoUsuario',8290304,'pdf, doc, docx',1000,100,1,'aerolinea','2022-06-08 07:14:54','http://3.139.25.45:28082'),
(113,83,'Manifiesto','ManifiestoUsuario',8290304,'pdf, doc, docx',1000,100,1,'truiz','2022-06-08 08:36:03','http://3.139.25.45:28082'),
(114,84,'Manifiesto','ManifiestoUsuario',8290304,'pdf, doc, docx',1000,100,1,'truiz','2022-06-08 08:45:21','http://3.139.25.45:28082'),
(115,85,'Manifiesto','ManifiestoUsuario',8290304,'pdf, doc, docx',1000,100,1,'truiz','2022-06-08 10:19:39','http://3.139.25.45:28082'),
(116,15,'manifiesto','manifiesto',-1024,'xls, xlsx,',1900,1080,-1,'root','2022-06-08 10:33:12','/Manifiesto-001'),
(117,86,'Manifiesto','ManifiestoUsuario',8290304,'pdf, doc, docx',1000,100,1,'truiz','2022-06-08 12:34:10','http://3.139.25.45:28082'),
(118,87,'Manifiesto','ManifiestoUsuario',8290304,'pdf, doc, docx',1000,100,1,'aerolinea','2022-06-09 08:51:30','http://3.139.25.45:28082'),
(119,88,'Manifiesto','ManifiestoUsuario',8290304,'pdf, doc, docx',1000,100,1,'truiz','2022-06-09 17:54:07','http://3.139.25.45:28082'),
(120,89,'Manifiesto','ManifiestoUsuario',8290304,'pdf, doc, docx',1000,100,1,'truiz','2022-06-10 13:27:37','http://3.139.25.45:28082'),
(121,90,'Manifiesto','ManifiestoUsuario',8290304,'pdf, doc, docx',1000,100,1,'truiz','2022-06-10 13:36:16','http://3.139.25.45:28082'),
(122,91,'Manifiesto','ManifiestoUsuario',8290304,'pdf, doc, docx',1000,100,1,'jmartinez','2022-06-14 19:00:35','http://3.139.25.45:28082'),
(123,92,'Manifiesto','ManifiestoUsuario',8290304,'pdf, doc, docx',1000,100,1,'jmartinez','2022-06-15 09:36:11','http://3.139.25.45:28082'),
(124,93,'Manifiesto','ManifiestoUsuario',8290304,'pdf, doc, docx',1000,100,1,'jmartinez','2022-06-15 09:40:07','http://3.139.25.45:28082'),
(125,94,'Manifiesto','ManifiestoUsuario',8290304,'pdf, doc, docx',1000,100,1,'rodriguezm','2022-06-16 09:28:04','http://3.139.25.45:28082'),
(126,95,'Manifiesto','ManifiestoUsuario',8290304,'pdf, doc, docx',1000,100,1,'rodriguezm','2022-06-16 09:39:27','http://3.139.25.45:28082'),
(127,96,'Manifiesto','ManifiestoUsuario',8290304,'pdf, doc, docx',1000,100,1,'rodriguezm','2022-06-16 09:56:51','http://3.139.25.45:28082'),
(128,97,'Manifiesto','ManifiestoUsuario',8290304,'pdf, doc, docx',1000,100,1,'stovar','2022-06-16 09:59:56','http://3.139.25.45:28082'),
(129,98,'Manifiesto','ManifiestoUsuario',8290304,'pdf, doc, docx',1000,100,1,'rodriguezm','2022-06-16 10:00:14','http://3.139.25.45:28082'),
(130,99,'Manifiesto','ManifiestoUsuario',8290304,'pdf, doc, docx',1000,100,1,'stovar','2022-06-16 10:01:37','http://3.139.25.45:28082'),
(131,100,'Manifiesto','ManifiestoUsuario',8290304,'pdf, doc, docx',1000,100,1,'stovar','2022-06-16 10:03:09','http://3.139.25.45:28082'),
(132,101,'Manifiesto','ManifiestoUsuario',8290304,'pdf, doc, docx',1000,100,1,'rodriguezm','2022-06-16 10:03:16','http://3.139.25.45:28082'),
(133,102,'Manifiesto','ManifiestoUsuario',8290304,'pdf, doc, docx',1000,100,1,'stovar','2022-06-16 10:04:24','http://3.139.25.45:28082'),
(134,103,'Manifiesto','ManifiestoUsuario',8290304,'pdf, doc, docx',1000,100,1,'stovar','2022-06-16 10:05:43','http://3.139.25.45:28082'),
(135,104,'Manifiesto','ManifiestoUsuario',8290304,'pdf, doc, docx',1000,100,1,'rodriguezm','2022-06-16 10:08:08','http://3.139.25.45:28082'),
(136,105,'Manifiesto','ManifiestoUsuario',8290304,'pdf, doc, docx',1000,100,1,'rodriguezm','2022-06-16 10:10:38','http://3.139.25.45:28082'),
(137,106,'Manifiesto','ManifiestoUsuario',8290304,'pdf, doc, docx',1000,100,1,'stovar','2022-06-16 10:13:02','http://3.139.25.45:28082'),
(138,107,'Manifiesto','ManifiestoUsuario',8290304,'pdf, doc, docx',1000,100,1,'stovar','2022-06-16 10:48:31','http://3.139.25.45:28082'),
(139,108,'Manifiesto','ManifiestoUsuario',8290304,'pdf, doc, docx',1000,100,1,'hloaiza','2022-06-16 10:58:36','http://3.139.25.45:28082'),
(140,109,'Manifiesto','ManifiestoUsuario',8290304,'pdf, doc, docx',1000,100,1,'hloaiza','2022-06-16 11:01:17','http://3.139.25.45:28082'),
(141,110,'Manifiesto','ManifiestoUsuario',8290304,'pdf, doc, docx',1000,100,1,'hloaiza','2022-06-16 11:04:51','http://3.139.25.45:28082'),
(142,111,'Manifiesto','ManifiestoUsuario',8290304,'pdf, doc, docx',1000,100,1,'hloaiza','2022-06-16 11:06:22','http://3.139.25.45:28082'),
(143,112,'Manifiesto','ManifiestoUsuario',8290304,'pdf, doc, docx',1000,100,1,'hloaiza','2022-06-16 11:15:36','http://3.139.25.45:28082'),
(144,113,'Manifiesto','ManifiestoUsuario',8290304,'pdf, doc, docx',1000,100,1,'hloaiza','2022-06-16 11:28:24','http://3.139.25.45:28082'),
(145,114,'Manifiesto','ManifiestoUsuario',8290304,'pdf, doc, docx',1000,100,1,'hloaiza','2022-06-16 11:53:32','http://3.139.25.45:28082'),
(146,115,'Manifiesto','ManifiestoUsuario',8290304,'pdf, doc, docx',1000,100,1,'hloaiza','2022-06-16 11:55:47','http://3.139.25.45:28082'),
(147,116,'Manifiesto','ManifiestoUsuario',8290304,'pdf, doc, docx',1000,100,1,'hloaiza','2022-06-16 11:57:23','http://3.139.25.45:28082'),
(148,117,'Manifiesto','ManifiestoUsuario',8290304,'pdf, doc, docx',1000,100,1,'hloaiza','2022-06-16 12:00:02','http://3.139.25.45:28082'),
(149,118,'Manifiesto','ManifiestoUsuario',8290304,'pdf, doc, docx',1000,100,1,'hloaiza','2022-06-16 12:02:11','http://3.139.25.45:28082'),
(150,119,'Manifiesto','ManifiestoUsuario',8290304,'pdf, doc, docx',1000,100,1,'rodriguezm','2022-06-16 15:58:01','http://3.139.25.45:28082'),
(151,120,'Manifiesto','ManifiestoUsuario',8290304,'pdf, doc, docx',1000,100,1,'rodriguezm','2022-06-16 16:04:53','http://3.139.25.45:28082'),
(152,121,'Manifiesto','ManifiestoUsuario',8290304,'pdf, doc, docx',1000,100,1,'rodriguezm','2022-06-16 16:14:30','http://3.139.25.45:28082'),
(153,122,'Manifiesto','ManifiestoUsuario',8290304,'pdf, doc, docx',1000,100,1,'rodriguezm','2022-06-16 16:23:27','http://3.139.25.45:28082'),
(154,123,'Manifiesto','ManifiestoUsuario',8290304,'pdf, doc, docx',1000,100,1,'rodriguezm','2022-06-16 16:26:48','http://3.139.25.45:28082'),
(155,124,'Manifiesto','ManifiestoUsuario',8290304,'pdf, doc, docx',1000,100,1,'jmartinez','2022-06-16 17:43:49','http://3.139.25.45:28082'),
(156,125,'Manifiesto','ManifiestoUsuario',8290304,'pdf, doc, docx',1000,100,1,'ivera','2022-06-16 21:10:17','http://3.139.25.45:28082'),
(157,126,'Manifiesto','ManifiestoUsuario',8290304,'pdf, doc, docx',1000,100,1,'ivera','2022-06-16 21:11:32','http://3.139.25.45:28082'),
(158,127,'Manifiesto','ManifiestoUsuario',8290304,'pdf, doc, docx',1000,100,1,'jmartinez','2022-06-22 12:17:19','http://3.139.25.45:28082'),
(159,128,'Manifiesto','ManifiestoUsuario',8290304,'pdf, doc, docx',1000,100,1,'jmartinez','2022-06-22 12:18:35','http://3.139.25.45:28082'),
(160,129,'Manifiesto','ManifiestoUsuario',8290304,'pdf, doc, docx',1000,100,1,'jmartinez','2022-06-22 12:20:43','http://3.139.25.45:28082'),
(161,130,'Manifiesto','ManifiestoUsuario',8290304,'pdf, doc, docx',1000,100,1,'jmartinez','2022-06-22 12:21:58','http://3.139.25.45:28082'),
(162,131,'Manifiesto','ManifiestoUsuario',8290304,'pdf, doc, docx',1000,100,1,'supervisor','2022-06-23 14:24:57','http://3.139.25.45:28082'),
(163,132,'Manifiesto','ManifiestoUsuario',8290304,'pdf, doc, docx',1000,100,1,'supervisor','2022-06-23 14:52:59','http://3.139.25.45:28082'),
(164,133,'Manifiesto','ManifiestoUsuario',8290304,'pdf, doc, docx',1000,100,1,'root','2022-06-24 16:32:43','http://3.139.25.45:28082'),
(165,134,'Manifiesto','ManifiestoUsuario',8290304,'pdf, doc, docx',1000,100,1,'jmartinez','2022-06-28 10:53:59','http://3.139.25.45:28082'),
(166,135,'Manifiesto','ManifiestoUsuario',8290304,'pdf, doc, docx',1000,100,1,'jmartinez','2022-06-28 10:57:32','http://3.139.25.45:28082'),
(167,136,'Manifiesto','ManifiestoUsuario',8290304,'pdf, doc, docx',1000,100,1,'jmartinez','2022-06-28 11:09:01','http://3.139.25.45:28082'),
(168,137,'Manifiesto','ManifiestoUsuario',8290304,'pdf, doc, docx',1000,100,1,'jmartinez','2022-06-28 11:12:32','http://3.139.25.45:28082'),
(169,138,'Manifiesto','ManifiestoUsuario',8290304,'pdf, doc, docx',1000,100,1,'jmartinez','2022-06-28 15:48:11','http://3.139.25.45:28082'),
(170,139,'Manifiesto','ManifiestoUsuario',8290304,'pdf, doc, docx',1000,100,1,'jmartinez','2022-06-30 17:09:16','http://3.139.25.45:28082'),
(171,140,'Manifiesto','ManifiestoUsuario',8290304,'pdf, doc, docx',1000,100,1,'jmartinez','2022-06-30 17:14:40','http://3.139.25.45:28082'),
(172,141,'Manifiesto','ManifiestoUsuario',8290304,'pdf, doc, docx',1000,100,1,'jmartinez','2022-07-05 10:49:54','http://3.139.25.45:28082'),
(173,142,'Manifiesto','ManifiestoUsuario',8290304,'pdf, doc, docx',1000,100,1,'root','2022-07-08 02:02:33','http://3.139.25.45:28082'),
(174,143,'Manifiesto','ManifiestoUsuario',8290304,'pdf, doc, docx',1000,100,1,'jmartinez','2022-07-12 09:54:37','http://3.139.25.45:28082'),
(175,144,'Manifiesto','ManifiestoUsuario',8290304,'pdf, doc, docx',1000,100,1,'jmartinez','2022-07-12 10:09:00','http://3.139.25.45:28082'),
(176,145,'Manifiesto','ManifiestoUsuario',8290304,'pdf, doc, docx',1000,100,1,'root','2022-07-15 09:30:45','http://3.139.25.45:28082'),
(177,146,'Manifiesto','ManifiestoUsuario',8290304,'pdf, doc, docx',1000,100,1,'root','2022-07-15 09:41:07','http://3.139.25.45:28082'),
(178,147,'Manifiesto','ManifiestoUsuario',8290304,'pdf, doc, docx',1000,100,1,'root','2022-07-15 09:41:41','http://3.139.25.45:28082'),
(179,148,'Manifiesto','ManifiestoUsuario',8290304,'pdf, doc, docx',1000,100,1,'jmartinez','2022-07-15 20:24:53','http://3.139.25.45:28082'),
(180,149,'Manifiesto','ManifiestoUsuario',8290304,'pdf, doc, docx',1000,100,1,'jmartinez','2022-07-18 15:54:40','http://3.139.25.45:28082'),
(181,150,'Manifiesto','ManifiestoUsuario',8290304,'pdf, doc, docx',1000,100,1,'hloaiza','2022-07-26 16:43:03','http://3.139.25.45:28082');
/*!40000 ALTER TABLE `grupo` ENABLE KEYS */;
UNLOCK TABLES;

--
-- Table structure for table `informacion`
--

DROP TABLE IF EXISTS `informacion`;
/*!40101 SET @saved_cs_client     = @@character_set_client */;
/*!40101 SET character_set_client = utf8 */;
CREATE TABLE `informacion` (
  `id_informacion` int NOT NULL AUTO_INCREMENT,
  `nombre` varchar(128) NOT NULL COMMENT 'Nombre de la información a relatar',
  `valor_01` varchar(256) NOT NULL COMMENT 'Valor 01',
  `valor_02` varchar(256) DEFAULT NULL COMMENT 'Valor 02',
  `usuario` varchar(128) NOT NULL COMMENT 'Usuario que realizo el cambio',
  `usuario_fecha` datetime NOT NULL DEFAULT CURRENT_TIMESTAMP COMMENT 'Fecha de insercion del registro',
  `usuario_programa` varchar(256) NOT NULL COMMENT 'Programa usado para el cambio',
  PRIMARY KEY (`id_informacion`)
) ENGINE=InnoDB DEFAULT CHARSET=utf8mb4 COLLATE=utf8mb4_0900_ai_ci;
/*!40101 SET character_set_client = @saved_cs_client */;

--
-- Dumping data for table `informacion`
--

LOCK TABLES `informacion` WRITE;
/*!40000 ALTER TABLE `informacion` DISABLE KEYS */;
/*!40000 ALTER TABLE `informacion` ENABLE KEYS */;
UNLOCK TABLES;

--
-- Table structure for table `notificacion`
--

DROP TABLE IF EXISTS `notificacion`;
/*!40101 SET @saved_cs_client     = @@character_set_client */;
/*!40101 SET character_set_client = utf8 */;
CREATE TABLE `notificacion` (
  `id_notificacion` int NOT NULL AUTO_INCREMENT,
  `id_formato` int NOT NULL COMMENT 'Id Formato de envio',
  `id_servicio` int NOT NULL,
  `titulo` varchar(256) DEFAULT NULL COMMENT 'Titulo de la notificacion',
  `contenido` varchar(4096) NOT NULL COMMENT 'Nombre de la información a relatar',
  `direccion_envio` varchar(256) NOT NULL COMMENT 'SMS, correo, direccion dispositivo; etc.',
  `estado` varchar(8) NOT NULL COMMENT 'Estado del envio; P=pendiente, T=Terminado, E=Error',
  `anular` varchar(8) NOT NULL COMMENT 'Si el correo sera anulado S=Si, N=No',
  `fecha_envio` datetime NOT NULL COMMENT 'Fecha de envio',
  `usuario` varchar(128) NOT NULL COMMENT 'Usuario que realizo el cambio',
  `usuario_fecha` datetime NOT NULL DEFAULT CURRENT_TIMESTAMP COMMENT 'Fecha de insercion del registro',
  `usuario_programa` varchar(256) NOT NULL COMMENT 'Programa usado para el cambio',
  PRIMARY KEY (`id_notificacion`),
  KEY `notificacion_FK` (`id_formato`),
  KEY `notificacion_estado_IDX` (`estado`,`fecha_envio`) USING BTREE,
  KEY `notificacion_FK_1` (`id_servicio`),
  CONSTRAINT `notificacion_FK` FOREIGN KEY (`id_formato`) REFERENCES `formato` (`id_formato`),
  CONSTRAINT `notificacion_FK_1` FOREIGN KEY (`id_servicio`) REFERENCES `servicio` (`id_servicio`)
) ENGINE=InnoDB AUTO_INCREMENT=117 DEFAULT CHARSET=utf8mb4 COLLATE=utf8mb4_0900_ai_ci;
/*!40101 SET character_set_client = @saved_cs_client */;

--
-- Dumping data for table `notificacion`
--

LOCK TABLES `notificacion` WRITE;
/*!40000 ALTER TABLE `notificacion` DISABLE KEYS */;
INSERT INTO `notificacion` VALUES
(4,1,1,'Se ha restablecido la clave','****','omargo33@hotmail.com','OK','S','2022-06-13 23:26:56','Pendiente','2022-06-13 23:26:56','/Login-001'),
(5,1,1,'Se ha restablecido la clave','****','omargo33@hotmail.com','OK','S','2022-06-13 23:30:08','Pendiente','2022-06-13 23:30:08','/Login-001'),
(6,1,1,'Se ha restablecido la clave','****','omargo33@hotmail.com','OK','S','2022-06-13 23:43:01','Pendiente','2022-06-13 23:43:01','/Login-001'),
(7,1,1,'Se ha restablecido la clave','****','omargo33@hotmail.com','OK','S','2022-06-13 23:58:22','Pendiente','2022-06-13 23:58:22','/Login-001'),
(8,1,1,'Se ha restablecido la clave','****','omargo33@hotmail.com','OK','S','2022-06-14 00:17:57','Pendiente','2022-06-14 00:17:57','/Login-001'),
(9,2,1,'Se ha creado la clave','****','sonia.jimenez@aerocivil.gov.co','OK','S','2022-06-14 00:36:37','admin','2022-06-14 00:36:37','/Administrativo-001'),
(10,1,1,'Se ha cambiado la clave','<table border=\"0\" cellpadding=\"0\" align=\"center\" cellspacing=\"0\" width=\"600\" style=\"margin: 0 auto; padding: 0\"><tbody><tr><td align=\"center\" bgcolor=\"#ffffff\" width=\"600\" style=\"background: #fff; padding: 0 56px; width: 100%\"><table border=\"0\" cellspacing=\"0\" cellpadding=\"0\" width=\"100%\"><tbody><tr><td style=\"padding: 0 0 20px 0\">Estimado/a <strong>aerolinea</strong>: </td></tr><tr><td style=\"padding: 0 0 20px 0\">La clave de su Cuenta fue <strong>cambiada de forma exitosa</strong>. </td></tr><tr><td style=\"padding: 0 0 4px 0\">Recuerde que su seguridad es importante y el uso de su clave es estrictamente personal </td></tr><tr><td style=\"padding: 0 0 20px 0\">No olvide cambiar la misma una vez ingresado al sistema </td></tr><tr><td style=\"padding: 0 0 20px 0\">Para acceder a su cuenta puede hacer clic en: <a href=\"http://3.139.25.45:28080/Login-001/faces/Home.jspx\" target=\"_blank\">Ingreso al sitio</a>. </td></tr><tr><td style=\"padding: 0\">Gracias<br /></td></tr></tbody></table></td></tr></tbody></table>','manifiesto@gmail.com','OK','N','2022-06-14 01:29:47','aerolinea','2022-06-14 01:29:47','/Administrativo-001'),
(11,1,1,'Se ha cambiado la clave','<table border=\"0\" cellpadding=\"0\" align=\"center\" cellspacing=\"0\" width=\"600\" style=\"margin: 0 auto; padding: 0\"><tbody><tr><td align=\"center\" bgcolor=\"#ffffff\" width=\"600\" style=\"background: #fff; padding: 0 56px; width: 100%\"><table border=\"0\" cellspacing=\"0\" cellpadding=\"0\" width=\"100%\"><tbody><tr><td style=\"padding: 0 0 20px 0\">Estimado/a <strong>root</strong>: </td></tr><tr><td style=\"padding: 0 0 20px 0\">La clave de su Cuenta fue <strong>cambiada de forma exitosa</strong>. </td></tr><tr><td style=\"padding: 0 0 4px 0\">Recuerde que su seguridad es importante y el uso de su clave es estrictamente personal </td></tr><tr><td style=\"padding: 0 0 20px 0\">No olvide cambiar la misma una vez ingresado al sistema </td></tr><tr><td style=\"padding: 0 0 20px 0\">Para acceder a su cuenta puede hacer clic en: <a href=\"http://3.139.25.45:28080/Login-001/faces/Home.jspx\" target=\"_blank\">Ingreso al sitio</a>. </td></tr><tr><td style=\"padding: 0\">Gracias<br /></td></tr></tbody></table></td></tr></tbody></table>','omargo33@hotmail.com','OK','N','2022-06-14 01:30:47','root','2022-06-14 01:30:47','/Administrativo-001'),
(12,1,1,'Se ha cambiado la clave','<table border=\"0\" cellpadding=\"0\" align=\"center\" cellspacing=\"0\" width=\"600\" style=\"margin: 0 auto; padding: 0\"><tbody><tr><td align=\"center\" bgcolor=\"#ffffff\" width=\"600\" style=\"background: #fff; padding: 0 56px; width: 100%\"><table border=\"0\" cellspacing=\"0\" cellpadding=\"0\" width=\"100%\"><tbody><tr><td style=\"padding: 0 0 20px 0\">Estimado/a <strong>jmartinez</strong>: </td></tr><tr><td style=\"padding: 0 0 20px 0\">La clave de su Cuenta fue <strong>cambiada de forma exitosa</strong>. </td></tr><tr><td style=\"padding: 0 0 4px 0\">Recuerde que su seguridad es importante y el uso de su clave es estrictamente personal </td></tr><tr><td style=\"padding: 0 0 20px 0\">No olvide cambiar la misma una vez ingresado al sistema </td></tr><tr><td style=\"padding: 0 0 20px 0\">Para acceder a su cuenta puede hacer clic en: <a href=\"http://3.139.25.45:28080/Login-001/faces/Home.jspx\" target=\"_blank\">Ingreso al sitio</a>. </td></tr><tr><td style=\"padding: 0\">Gracias<br /></td></tr></tbody></table></td></tr></tbody></table>','johanna.matinez@sicsas.com','OK','N','2022-06-14 12:50:11','jmartinez','2022-06-14 12:50:11','/Administrativo-001'),
(13,1,1,'Se ha cambiado la clave','<table border=\"0\" cellpadding=\"0\" align=\"center\" cellspacing=\"0\" width=\"600\" style=\"margin: 0 auto; padding: 0\"><tbody><tr><td align=\"center\" bgcolor=\"#ffffff\" width=\"600\" style=\"background: #fff; padding: 0 56px; width: 100%\"><table border=\"0\" cellspacing=\"0\" cellpadding=\"0\" width=\"100%\"><tbody><tr><td style=\"padding: 0 0 20px 0\">Estimado/a <strong>jmartinez</strong>: </td></tr><tr><td style=\"padding: 0 0 20px 0\">La clave de su Cuenta fue <strong>cambiada de forma exitosa</strong>. </td></tr><tr><td style=\"padding: 0 0 4px 0\">Recuerde que su seguridad es importante y el uso de su clave es estrictamente personal </td></tr><tr><td style=\"padding: 0 0 20px 0\">No olvide cambiar la misma una vez ingresado al sistema </td></tr><tr><td style=\"padding: 0 0 20px 0\">Para acceder a su cuenta puede hacer clic en: <a href=\"http://3.139.25.45:28080/Login-001/faces/Home.jspx\" target=\"_blank\">Ingreso al sitio</a>. </td></tr><tr><td style=\"padding: 0\">Gracias<br /></td></tr></tbody></table></td></tr></tbody></table>','johanna.matinez@sicsas.com','OK','N','2022-06-14 12:53:39','jmartinez','2022-06-14 12:53:39','/Administrativo-001'),
(14,1,1,'Se ha restablecido la clave','****','sonia.jimenez@aerocivil.gov.co','OK','S','2022-06-14 14:19:13','admin','2022-06-14 14:19:13','/Login-001'),
(15,2,1,'Se ha creado la clave','****','diana.pedreros@aerocivil.gov.co','OK','S','2022-06-14 14:33:31','admin','2022-06-14 14:33:31','/Administrativo-001'),
(16,2,1,'Se ha creado la clave','****','johanna.matinez@sicsas.com','OK','S','2022-06-14 14:34:08','jmartinez','2022-06-14 14:34:08','/Administrativo-001'),
(17,1,1,'Se ha cambiado la clave','<table border=\"0\" cellpadding=\"0\" align=\"center\" cellspacing=\"0\" width=\"600\" style=\"margin: 0 auto; padding: 0\"><tbody><tr><td align=\"center\" bgcolor=\"#ffffff\" width=\"600\" style=\"background: #fff; padding: 0 56px; width: 100%\"><table border=\"0\" cellspacing=\"0\" cellpadding=\"0\" width=\"100%\"><tbody><tr><td style=\"padding: 0 0 20px 0\">Estimado/a <strong>hloaiza</strong>: </td></tr><tr><td style=\"padding: 0 0 20px 0\">La clave de su Cuenta fue <strong>cambiada de forma exitosa</strong>. </td></tr><tr><td style=\"padding: 0 0 4px 0\">Recuerde que su seguridad es importante y el uso de su clave es estrictamente personal </td></tr><tr><td style=\"padding: 0 0 20px 0\">No olvide cambiar la misma una vez ingresado al sistema </td></tr><tr><td style=\"padding: 0 0 20px 0\">Para acceder a su cuenta puede hacer clic en: <a href=\"http://3.139.25.45:28080/Login-001/faces/Home.jspx\" target=\"_blank\">Ingreso al sitio</a>. </td></tr><tr><td style=\"padding: 0\">Gracias<br /></td></tr></tbody></table></td></tr></tbody></table>','haidy.loaiza@aerocivil.gov.co','OK','N','2022-06-14 14:37:35','hloaiza','2022-06-14 14:37:35','/Administrativo-001'),
(18,2,1,'Se ha creado la clave','****','sonia.jimenez@aerocivil.gov.co','OK','S','2022-06-14 14:41:10','admin','2022-06-14 14:41:10','/Administrativo-001'),
(19,1,1,'Se ha restablecido la clave','****','sonia.jimenez@aerocivil.gov.co','OK','S','2022-06-14 14:44:38','admin','2022-06-14 14:44:38','/Login-001'),
(20,1,1,'Se ha cambiado la clave','<table border=\"0\" cellpadding=\"0\" align=\"center\" cellspacing=\"0\" width=\"600\" style=\"margin: 0 auto; padding: 0\"><tbody><tr><td align=\"center\" bgcolor=\"#ffffff\" width=\"600\" style=\"background: #fff; padding: 0 56px; width: 100%\"><table border=\"0\" cellspacing=\"0\" cellpadding=\"0\" width=\"100%\"><tbody><tr><td style=\"padding: 0 0 20px 0\">Estimado/a <strong>sjimenez</strong>: </td></tr><tr><td style=\"padding: 0 0 20px 0\">La clave de su Cuenta fue <strong>cambiada de forma exitosa</strong>. </td></tr><tr><td style=\"padding: 0 0 4px 0\">Recuerde que su seguridad es importante y el uso de su clave es estrictamente personal </td></tr><tr><td style=\"padding: 0 0 20px 0\">No olvide cambiar la misma una vez ingresado al sistema </td></tr><tr><td style=\"padding: 0 0 20px 0\">Para acceder a su cuenta puede hacer clic en: <a href=\"http://3.139.25.45:28080/Login-001/faces/Home.jspx\" target=\"_blank\">Ingreso al sitio</a>. </td></tr><tr><td style=\"padding: 0\">Gracias<br /></td></tr></tbody></table></td></tr></tbody></table>','sonia.jimenez@aerocivil.gov.co','OK','N','2022-06-14 14:48:40','sjimenez','2022-06-14 14:48:40','/Administrativo-001'),
(21,1,1,'Se ha restablecido la clave','****','diana.pedreros@aerocivil.gov.co','OK','S','2022-06-14 14:53:45','admin','2022-06-14 14:53:45','/Login-001'),
(22,2,1,'Se ha creado la clave','****','johanna.martinez@sicsas.com','OK','S','2022-06-14 14:55:24','jmartinez','2022-06-14 14:55:24','/Administrativo-001'),
(23,1,1,'Se ha restablecido la clave','****','johanna.martinez@sicsas.com','OK','S','2022-06-14 14:57:32','jmartinez','2022-06-14 14:57:32','/Login-001'),
(24,1,1,'Se ha restablecido la clave','****','johanna.martinez@sicsas.com','OK','S','2022-06-14 15:00:26','jmartinez','2022-06-14 15:00:26','/Login-001'),
(25,1,1,'Se ha restablecido la clave','****','omargo33@hotmail.com','OK','S','2022-06-14 15:30:32','root','2022-06-14 15:30:32','/Login-001'),
(26,2,1,'Se ha creado la clave','****','diana.pedreros@aerocivil.gov.co','OK','S','2022-06-14 16:02:21','admin','2022-06-14 16:02:21','/Administrativo-001'),
(27,1,1,'Se ha restablecido la clave','****','diana.pedreros@aerocivil.gov.co','OK','S','2022-06-14 16:03:36','admin','2022-06-14 16:03:36','/Login-001'),
(28,1,1,'Se ha restablecido la clave','****','omargo33@hotmail.com','OK','S','2022-06-14 17:52:57','root','2022-06-14 17:52:58','/Login-001'),
(29,1,1,'Se ha cambiado la clave','<table border=\"0\" cellpadding=\"0\" align=\"center\" cellspacing=\"0\" width=\"600\" style=\"margin: 0 auto; padding: 0\"><tbody><tr><td align=\"center\" bgcolor=\"#ffffff\" width=\"600\" style=\"background: #fff; padding: 0 56px; width: 100%\"><table border=\"0\" cellspacing=\"0\" cellpadding=\"0\" width=\"100%\"><tbody><tr><td style=\"padding: 0 0 20px 0\">Estimado/a <strong>root</strong>: </td></tr><tr><td style=\"padding: 0 0 20px 0\">La clave de su Cuenta fue <strong>cambiada de forma exitosa</strong>. </td></tr><tr><td style=\"padding: 0 0 4px 0\">Recuerde que su seguridad es importante y el uso de su clave es estrictamente personal </td></tr><tr><td style=\"padding: 0 0 20px 0\">No olvide cambiar la misma una vez ingresado al sistema </td></tr><tr><td style=\"padding: 0 0 20px 0\">Para acceder a su cuenta puede hacer clic en: <a href=\"http://3.139.25.45:28080/Login-001/faces/Home.jspx\" target=\"_blank\">Ingreso al sitio</a>. </td></tr><tr><td style=\"padding: 0\">Gracias<br /></td></tr></tbody></table></td></tr></tbody></table>','omargo33@hotmail.com','OK','N','2022-06-14 17:54:13','root','2022-06-14 17:54:13','/Administrativo-001'),
(30,1,1,'Se ha restablecido la clave','****','johanna.martinez@sicsas.com','OK','S','2022-06-14 18:17:40','jmartinez','2022-06-14 18:17:40','/Login-001'),
(31,1,1,'Se ha cambiado la clave','<table border=\"0\" cellpadding=\"0\" align=\"center\" cellspacing=\"0\" width=\"600\" style=\"margin: 0 auto; padding: 0\"><tbody><tr><td align=\"center\" bgcolor=\"#ffffff\" width=\"600\" style=\"background: #fff; padding: 0 56px; width: 100%\"><table border=\"0\" cellspacing=\"0\" cellpadding=\"0\" width=\"100%\"><tbody><tr><td style=\"padding: 0 0 20px 0\">Estimado/a <strong>jmartinez</strong>: </td></tr><tr><td style=\"padding: 0 0 20px 0\">La clave de su Cuenta fue <strong>cambiada de forma exitosa</strong>. </td></tr><tr><td style=\"padding: 0 0 4px 0\">Recuerde que su seguridad es importante y el uso de su clave es estrictamente personal </td></tr><tr><td style=\"padding: 0 0 20px 0\">No olvide cambiar la misma una vez ingresado al sistema </td></tr><tr><td style=\"padding: 0 0 20px 0\">Para acceder a su cuenta puede hacer clic en: <a href=\"http://3.139.25.45:28080/Login-001/faces/Home.jspx\" target=\"_blank\">Ingreso al sitio</a>. </td></tr><tr><td style=\"padding: 0\">Gracias<br /></td></tr></tbody></table></td></tr></tbody></table>','johanna.martinez@sicsas.com','OK','N','2022-06-14 18:19:46','jmartinez','2022-06-14 18:19:46','/Administrativo-001'),
(32,1,1,'Se ha cambiado la clave','<table border=\"0\" cellpadding=\"0\" align=\"center\" cellspacing=\"0\" width=\"600\" style=\"margin: 0 auto; padding: 0\"><tbody><tr><td align=\"center\" bgcolor=\"#ffffff\" width=\"600\" style=\"background: #fff; padding: 0 56px; width: 100%\"><table border=\"0\" cellspacing=\"0\" cellpadding=\"0\" width=\"100%\"><tbody><tr><td style=\"padding: 0 0 20px 0\">Estimado/a <strong>jmartinez</strong>: </td></tr><tr><td style=\"padding: 0 0 20px 0\">La clave de su Cuenta fue <strong>cambiada de forma exitosa</strong>. </td></tr><tr><td style=\"padding: 0 0 4px 0\">Recuerde que su seguridad es importante y el uso de su clave es estrictamente personal </td></tr><tr><td style=\"padding: 0 0 20px 0\">No olvide cambiar la misma una vez ingresado al sistema </td></tr><tr><td style=\"padding: 0 0 20px 0\">Para acceder a su cuenta puede hacer clic en: <a href=\"http://3.139.25.45:28080/Login-001/faces/Home.jspx\" target=\"_blank\">Ingreso al sitio</a>. </td></tr><tr><td style=\"padding: 0\">Gracias<br /></td></tr></tbody></table></td></tr></tbody></table>','johanna.martinez@sicsas.com','OK','N','2022-06-14 18:20:10','jmartinez','2022-06-14 18:20:10','/Administrativo-001'),
(33,1,1,'Se ha restablecido la clave','****','johanna.martinez@sicsas.com','OK','S','2022-06-14 18:31:16','jmartinez','2022-06-14 18:31:16','/Login-001'),
(34,1,1,'Se ha cambiado la clave','<table border=\"0\" cellpadding=\"0\" align=\"center\" cellspacing=\"0\" width=\"600\" style=\"margin: 0 auto; padding: 0\"><tbody><tr><td align=\"center\" bgcolor=\"#ffffff\" width=\"600\" style=\"background: #fff; padding: 0 56px; width: 100%\"><table border=\"0\" cellspacing=\"0\" cellpadding=\"0\" width=\"100%\"><tbody><tr><td style=\"padding: 0 0 20px 0\">Estimado/a <strong>jmartinez</strong>: </td></tr><tr><td style=\"padding: 0 0 20px 0\">La clave de su Cuenta fue <strong>cambiada de forma exitosa</strong>. </td></tr><tr><td style=\"padding: 0 0 4px 0\">Recuerde que su seguridad es importante y el uso de su clave es estrictamente personal </td></tr><tr><td style=\"padding: 0 0 20px 0\">No olvide cambiar la misma una vez ingresado al sistema </td></tr><tr><td style=\"padding: 0 0 20px 0\">Para acceder a su cuenta puede hacer clic en: <a href=\"http://3.139.25.45:28080/Login-001/faces/Home.jspx\" target=\"_blank\">Ingreso al sitio</a>. </td></tr><tr><td style=\"padding: 0\">Gracias<br /></td></tr></tbody></table></td></tr></tbody></table>','johanna.martinez@sicsas.com','OK','N','2022-06-14 18:33:30','jmartinez','2022-06-14 18:33:30','/Administrativo-001'),
(35,2,1,'Se ha creado la clave','****','johanna.martinez@sicsas.com','OK','S','2022-06-14 19:16:01','jmartinez','2022-06-14 19:16:01','/Administrativo-001'),
(36,1,1,'Se ha restablecido la clave','****','omargo33@hotmail.com','OK','S','2022-06-14 19:28:25','root','2022-06-14 19:28:25','/Login-001'),
(37,1,1,'Se ha cambiado la clave','<table border=\"0\" cellpadding=\"0\" align=\"center\" cellspacing=\"0\" width=\"600\" style=\"margin: 0 auto; padding: 0\"><tbody><tr><td align=\"center\" bgcolor=\"#ffffff\" width=\"600\" style=\"background: #fff; padding: 0 56px; width: 100%\"><table border=\"0\" cellspacing=\"0\" cellpadding=\"0\" width=\"100%\"><tbody><tr><td style=\"padding: 0 0 20px 0\">Estimado/a <strong>root</strong>: </td></tr><tr><td style=\"padding: 0 0 20px 0\">La clave de su Cuenta fue <strong>cambiada de forma exitosa</strong>. </td></tr><tr><td style=\"padding: 0 0 4px 0\">Recuerde que su seguridad es importante y el uso de su clave es estrictamente personal </td></tr><tr><td style=\"padding: 0 0 20px 0\">No olvide cambiar la misma una vez ingresado al sistema </td></tr><tr><td style=\"padding: 0 0 20px 0\">Para acceder a su cuenta puede hacer clic en: <a href=\"http://3.139.25.45:28080/Login-001/faces/Home.jspx\" target=\"_blank\">Ingreso al sitio</a>. </td></tr><tr><td style=\"padding: 0\">Gracias<br /></td></tr></tbody></table></td></tr></tbody></table>','omargo33@hotmail.com','OK','N','2022-06-14 19:29:41','root','2022-06-14 19:29:41','/Administrativo-001'),
(38,1,1,'Se ha restablecido la clave','****','omargo33@gmail.com','OK','S','2022-06-14 19:32:29','cgaribello','2022-06-14 19:32:29','/Login-001'),
(39,1,1,'Se ha cambiado la clave','<table border=\"0\" cellpadding=\"0\" align=\"center\" cellspacing=\"0\" width=\"600\" style=\"margin: 0 auto; padding: 0\"><tbody><tr><td align=\"center\" bgcolor=\"#ffffff\" width=\"600\" style=\"background: #fff; padding: 0 56px; width: 100%\"><table border=\"0\" cellspacing=\"0\" cellpadding=\"0\" width=\"100%\"><tbody><tr><td style=\"padding: 0 0 20px 0\">Estimado/a <strong>ovelez</strong>: </td></tr><tr><td style=\"padding: 0 0 20px 0\">La clave de su Cuenta fue <strong>cambiada de forma exitosa</strong>. </td></tr><tr><td style=\"padding: 0 0 4px 0\">Recuerde que su seguridad es importante y el uso de su clave es estrictamente personal </td></tr><tr><td style=\"padding: 0 0 20px 0\">No olvide cambiar la misma una vez ingresado al sistema </td></tr><tr><td style=\"padding: 0 0 20px 0\">Para acceder a su cuenta puede hacer clic en: <a href=\"http://3.139.25.45:28080/Login-001/faces/Home.jspx\" target=\"_blank\">Ingreso al sitio</a>. </td></tr><tr><td style=\"padding: 0\">Gracias<br /></td></tr></tbody></table></td></tr></tbody></table>','omargo33@gmail.com','OK','N','2022-06-14 19:33:42','ovelez','2022-06-14 19:33:42','/Administrativo-001'),
(40,1,1,'Se ha restablecido la clave','****','omargo33@hotmail.com','OK','S','2022-06-14 21:06:56','root','2022-06-14 21:06:58','/Login-001'),
(41,1,1,'Se ha cambiado la clave','<table border=\"0\" cellpadding=\"0\" align=\"center\" cellspacing=\"0\" width=\"600\" style=\"margin: 0 auto; padding: 0\"><tbody><tr><td align=\"center\" bgcolor=\"#ffffff\" width=\"600\" style=\"background: #fff; padding: 0 56px; width: 100%\"><table border=\"0\" cellspacing=\"0\" cellpadding=\"0\" width=\"100%\"><tbody><tr><td style=\"padding: 0 0 20px 0\">Estimado/a <strong>root</strong>: </td></tr><tr><td style=\"padding: 0 0 20px 0\">La clave de su Cuenta fue <strong>cambiada de forma exitosa</strong>. </td></tr><tr><td style=\"padding: 0 0 4px 0\">Recuerde que su seguridad es importante y el uso de su clave es estrictamente personal </td></tr><tr><td style=\"padding: 0 0 20px 0\">No olvide cambiar la misma una vez ingresado al sistema </td></tr><tr><td style=\"padding: 0 0 20px 0\">Para acceder a su cuenta puede hacer clic en: <a href=\"http://3.139.25.45:28080/Login-001/faces/Home.jspx\" target=\"_blank\">Ingreso al sitio</a>. </td></tr><tr><td style=\"padding: 0\">Gracias<br /></td></tr></tbody></table></td></tr></tbody></table>','omargo33@hotmail.com','OK','N','2022-06-14 21:08:48','root','2022-06-14 21:08:50','/Administrativo-001'),
(42,1,1,'Se ha restablecido la clave','****','johanna.martinez@sicsas.com','OK','S','2022-06-14 22:20:53','jmartinez','2022-06-14 22:20:53','/Login-001'),
(43,1,1,'Se ha restablecido la clave','****','administracion@procesoelectronico.com','OK','S','2022-06-14 22:24:44','root','2022-06-14 22:24:44','/Login-001'),
(44,1,1,'Se ha cambiado la clave','<table border=\"0\" cellpadding=\"0\" align=\"center\" cellspacing=\"0\" width=\"600\" style=\"margin: 0 auto; padding: 0\"><tbody><tr><td align=\"center\" bgcolor=\"#ffffff\" width=\"600\" style=\"background: #fff; padding: 0 56px; width: 100%\"><table border=\"0\" cellspacing=\"0\" cellpadding=\"0\" width=\"100%\"><tbody><tr><td style=\"padding: 0 0 20px 0\">Estimado/a <strong>admin</strong>: </td></tr><tr><td style=\"padding: 0 0 20px 0\">La clave de su Cuenta fue <strong>cambiada de forma exitosa</strong>. </td></tr><tr><td style=\"padding: 0 0 4px 0\">Recuerde que su seguridad es importante y el uso de su clave es estrictamente personal </td></tr><tr><td style=\"padding: 0 0 20px 0\">No olvide cambiar la misma una vez ingresado al sistema </td></tr><tr><td style=\"padding: 0 0 20px 0\">Para acceder a su cuenta puede hacer clic en: <a href=\"http://3.139.25.45:28080/Login-001/faces/Home.jspx\" target=\"_blank\">Ingreso al sitio</a>. </td></tr><tr><td style=\"padding: 0\">Gracias<br /></td></tr></tbody></table></td></tr></tbody></table>','administracion@procesoelectronico.com','OK','N','2022-06-14 22:25:41','admin','2022-06-14 22:25:41','/Administrativo-001'),
(45,1,1,'Se ha cambiado la clave','<table border=\"0\" cellpadding=\"0\" align=\"center\" cellspacing=\"0\" width=\"600\" style=\"margin: 0 auto; padding: 0\"><tbody><tr><td align=\"center\" bgcolor=\"#ffffff\" width=\"600\" style=\"background: #fff; padding: 0 56px; width: 100%\"><table border=\"0\" cellspacing=\"0\" cellpadding=\"0\" width=\"100%\"><tbody><tr><td style=\"padding: 0 0 20px 0\">Estimado/a <strong>jmartinez</strong>: </td></tr><tr><td style=\"padding: 0 0 20px 0\">La clave de su Cuenta fue <strong>cambiada de forma exitosa</strong>. </td></tr><tr><td style=\"padding: 0 0 4px 0\">Recuerde que su seguridad es importante y el uso de su clave es estrictamente personal </td></tr><tr><td style=\"padding: 0 0 20px 0\">No olvide cambiar la misma una vez ingresado al sistema </td></tr><tr><td style=\"padding: 0 0 20px 0\">Para acceder a su cuenta puede hacer clic en: <a href=\"http://3.139.25.45:28080/Login-001/faces/Home.jspx\" target=\"_blank\">Ingreso al sitio</a>. </td></tr><tr><td style=\"padding: 0\">Gracias<br /></td></tr></tbody></table></td></tr></tbody></table>','johanna.martinez@sicsas.com','OK','N','2022-06-14 22:36:04','jmartinez','2022-06-14 22:36:04','/Administrativo-001'),
(46,1,1,'Se ha restablecido la clave','****','sonia.jimenez@aerocivil.gov.co','OK','S','2022-06-15 09:10:13','sjimenez','2022-06-15 09:10:13','/Login-001'),
(47,1,1,'Se ha restablecido la clave','****','johanna.martinez@sicsas.com','OK','S','2022-06-15 09:11:49','jmartinez','2022-06-15 09:11:49','/Login-001'),
(48,1,1,'Se ha cambiado la clave','<table border=\"0\" cellpadding=\"0\" align=\"center\" cellspacing=\"0\" width=\"600\" style=\"margin: 0 auto; padding: 0\"><tbody><tr><td align=\"center\" bgcolor=\"#ffffff\" width=\"600\" style=\"background: #fff; padding: 0 56px; width: 100%\"><table border=\"0\" cellspacing=\"0\" cellpadding=\"0\" width=\"100%\"><tbody><tr><td style=\"padding: 0 0 20px 0\">Estimado/a <strong>jmartinez</strong>: </td></tr><tr><td style=\"padding: 0 0 20px 0\">La clave de su Cuenta fue <strong>cambiada de forma exitosa</strong>. </td></tr><tr><td style=\"padding: 0 0 4px 0\">Recuerde que su seguridad es importante y el uso de su clave es estrictamente personal </td></tr><tr><td style=\"padding: 0 0 20px 0\">No olvide cambiar la misma una vez ingresado al sistema </td></tr><tr><td style=\"padding: 0 0 20px 0\">Para acceder a su cuenta puede hacer clic en: <a href=\"http://3.139.25.45:28080/Login-001/faces/Home.jspx\" target=\"_blank\">Ingreso al sitio</a>. </td></tr><tr><td style=\"padding: 0\">Gracias<br /></td></tr></tbody></table></td></tr></tbody></table>','johanna.martinez@sicsas.com','OK','N','2022-06-15 09:13:44','jmartinez','2022-06-15 09:13:45','/Administrativo-001'),
(49,1,1,'Se ha cambiado la clave','<table border=\"0\" cellpadding=\"0\" align=\"center\" cellspacing=\"0\" width=\"600\" style=\"margin: 0 auto; padding: 0\"><tbody><tr><td align=\"center\" bgcolor=\"#ffffff\" width=\"600\" style=\"background: #fff; padding: 0 56px; width: 100%\"><table border=\"0\" cellspacing=\"0\" cellpadding=\"0\" width=\"100%\"><tbody><tr><td style=\"padding: 0 0 20px 0\">Estimado/a <strong>jmartinez</strong>: </td></tr><tr><td style=\"padding: 0 0 20px 0\">La clave de su Cuenta fue <strong>cambiada de forma exitosa</strong>. </td></tr><tr><td style=\"padding: 0 0 4px 0\">Recuerde que su seguridad es importante y el uso de su clave es estrictamente personal </td></tr><tr><td style=\"padding: 0 0 20px 0\">No olvide cambiar la misma una vez ingresado al sistema </td></tr><tr><td style=\"padding: 0 0 20px 0\">Para acceder a su cuenta puede hacer clic en: <a href=\"http://3.139.25.45:28080/Login-001/faces/Home.jspx\" target=\"_blank\">Ingreso al sitio</a>. </td></tr><tr><td style=\"padding: 0\">Gracias<br /></td></tr></tbody></table></td></tr></tbody></table>','johanna.martinez@sicsas.com','OK','N','2022-06-15 09:15:28','jmartinez','2022-06-15 09:15:28','/Administrativo-001'),
(50,1,1,'Se ha cambiado la clave','<table border=\"0\" cellpadding=\"0\" align=\"center\" cellspacing=\"0\" width=\"600\" style=\"margin: 0 auto; padding: 0\"><tbody><tr><td align=\"center\" bgcolor=\"#ffffff\" width=\"600\" style=\"background: #fff; padding: 0 56px; width: 100%\"><table border=\"0\" cellspacing=\"0\" cellpadding=\"0\" width=\"100%\"><tbody><tr><td style=\"padding: 0 0 20px 0\">Estimado/a <strong>jmartinez</strong>: </td></tr><tr><td style=\"padding: 0 0 20px 0\">La clave de su Cuenta fue <strong>cambiada de forma exitosa</strong>. </td></tr><tr><td style=\"padding: 0 0 4px 0\">Recuerde que su seguridad es importante y el uso de su clave es estrictamente personal </td></tr><tr><td style=\"padding: 0 0 20px 0\">No olvide cambiar la misma una vez ingresado al sistema </td></tr><tr><td style=\"padding: 0 0 20px 0\">Para acceder a su cuenta puede hacer clic en: <a href=\"http://3.139.25.45:28080/Login-001/faces/Home.jspx\" target=\"_blank\">Ingreso al sitio</a>. </td></tr><tr><td style=\"padding: 0\">Gracias<br /></td></tr></tbody></table></td></tr></tbody></table>','johanna.martinez@sicsas.com','OK','N','2022-06-15 09:17:11','jmartinez','2022-06-15 09:17:11','/Administrativo-001'),
(51,1,1,'Se ha restablecido la clave','****','johanna.martinez@sicsas.com','OK','S','2022-06-15 09:18:34','jmartinez','2022-06-15 09:18:34','/Login-001'),
(52,1,1,'Se ha cambiado la clave','<table border=\"0\" cellpadding=\"0\" align=\"center\" cellspacing=\"0\" width=\"600\" style=\"margin: 0 auto; padding: 0\"><tbody><tr><td align=\"center\" bgcolor=\"#ffffff\" width=\"600\" style=\"background: #fff; padding: 0 56px; width: 100%\"><table border=\"0\" cellspacing=\"0\" cellpadding=\"0\" width=\"100%\"><tbody><tr><td style=\"padding: 0 0 20px 0\">Estimado/a <strong>jmartinez</strong>: </td></tr><tr><td style=\"padding: 0 0 20px 0\">La clave de su Cuenta fue <strong>cambiada de forma exitosa</strong>. </td></tr><tr><td style=\"padding: 0 0 4px 0\">Recuerde que su seguridad es importante y el uso de su clave es estrictamente personal </td></tr><tr><td style=\"padding: 0 0 20px 0\">No olvide cambiar la misma una vez ingresado al sistema </td></tr><tr><td style=\"padding: 0 0 20px 0\">Para acceder a su cuenta puede hacer clic en: <a href=\"http://3.139.25.45:28080/Login-001/faces/Home.jspx\" target=\"_blank\">Ingreso al sitio</a>. </td></tr><tr><td style=\"padding: 0\">Gracias<br /></td></tr></tbody></table></td></tr></tbody></table>','johanna.martinez@sicsas.com','OK','N','2022-06-15 09:20:03','jmartinez','2022-06-15 09:20:03','/Administrativo-001'),
(53,1,1,'Se ha cambiado la clave','<table border=\"0\" cellpadding=\"0\" align=\"center\" cellspacing=\"0\" width=\"600\" style=\"margin: 0 auto; padding: 0\"><tbody><tr><td align=\"center\" bgcolor=\"#ffffff\" width=\"600\" style=\"background: #fff; padding: 0 56px; width: 100%\"><table border=\"0\" cellspacing=\"0\" cellpadding=\"0\" width=\"100%\"><tbody><tr><td style=\"padding: 0 0 20px 0\">Estimado/a <strong>jmartinez</strong>: </td></tr><tr><td style=\"padding: 0 0 20px 0\">La clave de su Cuenta fue <strong>cambiada de forma exitosa</strong>. </td></tr><tr><td style=\"padding: 0 0 4px 0\">Recuerde que su seguridad es importante y el uso de su clave es estrictamente personal </td></tr><tr><td style=\"padding: 0 0 20px 0\">No olvide cambiar la misma una vez ingresado al sistema </td></tr><tr><td style=\"padding: 0 0 20px 0\">Para acceder a su cuenta puede hacer clic en: <a href=\"http://3.139.25.45:28080/Login-001/faces/Home.jspx\" target=\"_blank\">Ingreso al sitio</a>. </td></tr><tr><td style=\"padding: 0\">Gracias<br /></td></tr></tbody></table></td></tr></tbody></table>','johanna.martinez@sicsas.com','OK','N','2022-06-15 09:21:37','jmartinez','2022-06-15 09:21:37','/Administrativo-001'),
(54,1,1,'Se ha restablecido la clave','****','gina.salinas@aerocivil.gov.co','OK','S','2022-06-15 10:08:34','admin','2022-06-15 10:08:34','/Login-001'),
(55,1,1,'Se ha restablecido la clave','****','omargo33@hotmail.com','OK','S','2022-06-15 10:18:52','root','2022-06-15 10:18:52','/Login-001'),
(56,1,1,'Se ha restablecido la clave','****','jmartinez214@gmail.com','OK','S','2022-06-15 11:34:42','admin','2022-06-15 11:34:42','/Login-001'),
(57,2,1,'Se ha creado la clave','****','soniajimenez_m@hotmail.com','OK','S','2022-06-15 12:08:05','sjimenez','2022-06-15 12:08:05','/Administrativo-001'),
(58,2,1,'Se ha creado la clave','****','myrockstar@gmail.com','OK','S','2022-06-15 12:15:58','admin','2022-06-15 12:15:58','/Administrativo-001'),
(59,2,1,'Se ha creado la clave','****','myrockstar28@gmail.com','OK','S','2022-06-15 12:24:46','admin','2022-06-15 12:24:46','/Administrativo-001'),
(60,1,1,'Se ha restablecido la clave','****','confirmacionesjde@gmail.com','OK','S','2022-06-15 13:08:56','cgaribello','2022-06-15 13:08:56','/Login-001'),
(61,1,1,'Se ha restablecido la clave','****','i.vera@aerocivil.go.co','OK','S','2022-06-15 13:09:13','admin','2022-06-15 13:09:13','/Login-001'),
(62,1,1,'Se ha restablecido la clave','****','myrockstar28@gmail.com','OK','S','2022-06-15 13:09:29','admin','2022-06-15 13:09:29','/Login-001'),
(63,1,1,'Se ha restablecido la clave','****','diana.pedreros@aerocivil.gov.co','OK','S','2022-06-15 13:09:51','admin','2022-06-15 13:09:51','/Login-001'),
(64,1,1,'Se ha restablecido la clave','****','soniajimenez_m@hotmail.com','OK','S','2022-06-15 13:10:29','sjimenez','2022-06-15 13:10:29','/Login-001'),
(65,1,1,'Se ha cambiado la clave','<table border=\"0\" cellpadding=\"0\" align=\"center\" cellspacing=\"0\" width=\"600\" style=\"margin: 0 auto; padding: 0\"><tbody><tr><td align=\"center\" bgcolor=\"#ffffff\" width=\"600\" style=\"background: #fff; padding: 0 56px; width: 100%\"><table border=\"0\" cellspacing=\"0\" cellpadding=\"0\" width=\"100%\"><tbody><tr><td style=\"padding: 0 0 20px 0\">Estimado/a <strong>stovar</strong>: </td></tr><tr><td style=\"padding: 0 0 20px 0\">La clave de su Cuenta fue <strong>cambiada de forma exitosa</strong>. </td></tr><tr><td style=\"padding: 0 0 4px 0\">Recuerde que su seguridad es importante y el uso de su clave es estrictamente personal </td></tr><tr><td style=\"padding: 0 0 20px 0\">No olvide cambiar la misma una vez ingresado al sistema </td></tr><tr><td style=\"padding: 0 0 20px 0\">Para acceder a su cuenta puede hacer clic en: <a href=\"http://3.139.25.45:28080/Login-001/faces/Home.jspx\" target=\"_blank\">Ingreso al sitio</a>. </td></tr><tr><td style=\"padding: 0\">Gracias<br /></td></tr></tbody></table></td></tr></tbody></table>','confirmacionesjde@gmail.com','OK','N','2022-06-15 13:16:11','stovar','2022-06-15 13:16:11','/Administrativo-001'),
(66,1,1,'Se ha cambiado la clave','<table border=\"0\" cellpadding=\"0\" align=\"center\" cellspacing=\"0\" width=\"600\" style=\"margin: 0 auto; padding: 0\"><tbody><tr><td align=\"center\" bgcolor=\"#ffffff\" width=\"600\" style=\"background: #fff; padding: 0 56px; width: 100%\"><table border=\"0\" cellspacing=\"0\" cellpadding=\"0\" width=\"100%\"><tbody><tr><td style=\"padding: 0 0 20px 0\">Estimado/a <strong>stovar</strong>: </td></tr><tr><td style=\"padding: 0 0 20px 0\">La clave de su Cuenta fue <strong>cambiada de forma exitosa</strong>. </td></tr><tr><td style=\"padding: 0 0 4px 0\">Recuerde que su seguridad es importante y el uso de su clave es estrictamente personal </td></tr><tr><td style=\"padding: 0 0 20px 0\">No olvide cambiar la misma una vez ingresado al sistema </td></tr><tr><td style=\"padding: 0 0 20px 0\">Para acceder a su cuenta puede hacer clic en: <a href=\"http://3.139.25.45:28080/Login-001/faces/Home.jspx\" target=\"_blank\">Ingreso al sitio</a>. </td></tr><tr><td style=\"padding: 0\">Gracias<br /></td></tr></tbody></table></td></tr></tbody></table>','confirmacionesjde@gmail.com','OK','N','2022-06-15 13:17:25','stovar','2022-06-15 13:17:25','/Administrativo-001'),
(67,1,1,'Se ha restablecido la clave','****','omargo33@hotmail.com','OK','S','2022-06-15 15:45:28','root','2022-06-15 15:45:28','/Login-001'),
(68,1,1,'Se ha cambiado la clave','<table border=\"0\" cellpadding=\"0\" align=\"center\" cellspacing=\"0\" width=\"600\" style=\"margin: 0 auto; padding: 0\"><tbody><tr><td align=\"center\" bgcolor=\"#ffffff\" width=\"600\" style=\"background: #fff; padding: 0 56px; width: 100%\"><table border=\"0\" cellspacing=\"0\" cellpadding=\"0\" width=\"100%\"><tbody><tr><td style=\"padding: 0 0 20px 0\">Estimado/a <strong>root</strong>: </td></tr><tr><td style=\"padding: 0 0 20px 0\">La clave de su Cuenta fue <strong>cambiada de forma exitosa</strong>. </td></tr><tr><td style=\"padding: 0 0 4px 0\">Recuerde que su seguridad es importante y el uso de su clave es estrictamente personal </td></tr><tr><td style=\"padding: 0 0 20px 0\">No olvide cambiar la misma una vez ingresado al sistema </td></tr><tr><td style=\"padding: 0 0 20px 0\">Para acceder a su cuenta puede hacer clic en: <a href=\"http://3.139.25.45:28080/Login-001/faces/Home.jspx\" target=\"_blank\">Ingreso al sitio</a>. </td></tr><tr><td style=\"padding: 0\">Gracias<br /></td></tr></tbody></table></td></tr></tbody></table>','omargo33@hotmail.com','OK','N','2022-06-15 15:47:27','root','2022-06-15 15:47:27','/Administrativo-001'),
(69,1,1,'Se ha restablecido la clave','****','omargo33@hotmail.com','OK','S','2022-06-15 16:01:57','root','2022-06-15 16:01:57','/Login-001'),
(70,1,1,'Se ha restablecido la clave','****','omargo33@gmail.com','OK','S','2022-06-15 16:06:39','ovelez','2022-06-15 16:06:39','/Login-001'),
(71,1,1,'Se ha restablecido la clave','****','johanna.martinez@sicsas.com','OK','S','2022-06-15 16:07:44','jmartinez','2022-06-15 16:07:44','/Login-001'),
(72,1,1,'Se ha restablecido la clave','****','omargo33@gmail.com','OK','S','2022-06-15 16:10:52','ovelez','2022-06-15 16:10:52','/Login-001'),
(73,1,1,'Se ha restablecido la clave','****','omargo33@hotmail.com','OK','S','2022-06-15 16:11:21','root','2022-06-15 16:11:21','/Login-001'),
(74,1,1,'Se ha cambiado la clave','<table border=\"0\" cellpadding=\"0\" align=\"center\" cellspacing=\"0\" width=\"600\" style=\"margin: 0 auto; padding: 0\"><tbody><tr><td align=\"center\" bgcolor=\"#ffffff\" width=\"600\" style=\"background: #fff; padding: 0 56px; width: 100%\"><table border=\"0\" cellspacing=\"0\" cellpadding=\"0\" width=\"100%\"><tbody><tr><td style=\"padding: 0 0 20px 0\">Estimado/a <strong>jmartinez</strong>: </td></tr><tr><td style=\"padding: 0 0 20px 0\">La clave de su Cuenta fue <strong>cambiada de forma exitosa</strong>. </td></tr><tr><td style=\"padding: 0 0 4px 0\">Recuerde que su seguridad es importante y el uso de su clave es estrictamente personal </td></tr><tr><td style=\"padding: 0 0 20px 0\">No olvide cambiar la misma una vez ingresado al sistema </td></tr><tr><td style=\"padding: 0 0 20px 0\">Para acceder a su cuenta puede hacer clic en: <a href=\"http://3.139.25.45:28080/Login-001/faces/Home.jspx\" target=\"_blank\">Ingreso al sitio</a>. </td></tr><tr><td style=\"padding: 0\">Gracias<br /></td></tr></tbody></table></td></tr></tbody></table>','johanna.martinez@sicsas.com','OK','N','2022-06-15 16:12:10','jmartinez','2022-06-15 16:12:10','/Administrativo-001'),
(75,1,1,'Se ha restablecido la clave','****','omargo33@gmail.com','OK','S','2022-06-15 16:13:05','ovelez','2022-06-15 16:13:05','/Login-001'),
(76,1,1,'Se ha restablecido la clave','****','omargo33@hotmail.com','OK','S','2022-06-15 16:14:03','root','2022-06-15 16:14:03','/Login-001'),
(77,1,1,'Se ha cambiado la clave','<table border=\"0\" cellpadding=\"0\" align=\"center\" cellspacing=\"0\" width=\"600\" style=\"margin: 0 auto; padding: 0\"><tbody><tr><td align=\"center\" bgcolor=\"#ffffff\" width=\"600\" style=\"background: #fff; padding: 0 56px; width: 100%\"><table border=\"0\" cellspacing=\"0\" cellpadding=\"0\" width=\"100%\"><tbody><tr><td style=\"padding: 0 0 20px 0\">Estimado/a <strong>root</strong>: </td></tr><tr><td style=\"padding: 0 0 20px 0\">La clave de su Cuenta fue <strong>cambiada de forma exitosa</strong>. </td></tr><tr><td style=\"padding: 0 0 4px 0\">Recuerde que su seguridad es importante y el uso de su clave es estrictamente personal </td></tr><tr><td style=\"padding: 0 0 20px 0\">No olvide cambiar la misma una vez ingresado al sistema </td></tr><tr><td style=\"padding: 0 0 20px 0\">Para acceder a su cuenta puede hacer clic en: <a href=\"http://3.139.25.45:28080/Login-001/faces/Home.jspx\" target=\"_blank\">Ingreso al sitio</a>. </td></tr><tr><td style=\"padding: 0\">Gracias<br /></td></tr></tbody></table></td></tr></tbody></table>','omargo33@hotmail.com','OK','N','2022-06-15 16:15:48','root','2022-06-15 16:15:48','/Administrativo-001'),
(78,1,1,'Se ha restablecido la clave','****','confirmacionesjde@gmail.com','OK','S','2022-06-15 17:04:03','stovar','2022-06-15 17:04:03','/Login-001'),
(79,1,1,'Se ha cambiado la clave','<table border=\"0\" cellpadding=\"0\" align=\"center\" cellspacing=\"0\" width=\"600\" style=\"margin: 0 auto; padding: 0\"><tbody><tr><td align=\"center\" bgcolor=\"#ffffff\" width=\"600\" style=\"background: #fff; padding: 0 56px; width: 100%\"><table border=\"0\" cellspacing=\"0\" cellpadding=\"0\" width=\"100%\"><tbody><tr><td style=\"padding: 0 0 20px 0\">Estimado/a <strong>stovar</strong>: </td></tr><tr><td style=\"padding: 0 0 20px 0\">La clave de su Cuenta fue <strong>cambiada de forma exitosa</strong>. </td></tr><tr><td style=\"padding: 0 0 4px 0\">Recuerde que su seguridad es importante y el uso de su clave es estrictamente personal </td></tr><tr><td style=\"padding: 0 0 20px 0\">No olvide cambiar la misma una vez ingresado al sistema </td></tr><tr><td style=\"padding: 0 0 20px 0\">Para acceder a su cuenta puede hacer clic en: <a href=\"http://3.139.25.45:28080/Login-001/faces/Home.jspx\" target=\"_blank\">Ingreso al sitio</a>. </td></tr><tr><td style=\"padding: 0\">Gracias<br /></td></tr></tbody></table></td></tr></tbody></table>','confirmacionesjde@gmail.com','OK','N','2022-06-15 17:07:15','stovar','2022-06-15 17:07:15','/Administrativo-001'),
(80,1,1,'Se ha restablecido la clave','****','johanna.martinez@sicsas.com','OK','S','2022-06-15 17:13:07','jmartinez','2022-06-15 17:13:07','/Login-001'),
(81,1,1,'Se ha cambiado la clave','<table border=\"0\" cellpadding=\"0\" align=\"center\" cellspacing=\"0\" width=\"600\" style=\"margin: 0 auto; padding: 0\"><tbody><tr><td align=\"center\" bgcolor=\"#ffffff\" width=\"600\" style=\"background: #fff; padding: 0 56px; width: 100%\"><table border=\"0\" cellspacing=\"0\" cellpadding=\"0\" width=\"100%\"><tbody><tr><td style=\"padding: 0 0 20px 0\">Estimado/a <strong>jmartinez</strong>: </td></tr><tr><td style=\"padding: 0 0 20px 0\">La clave de su Cuenta fue <strong>cambiada de forma exitosa</strong>. </td></tr><tr><td style=\"padding: 0 0 4px 0\">Recuerde que su seguridad es importante y el uso de su clave es estrictamente personal </td></tr><tr><td style=\"padding: 0 0 20px 0\">No olvide cambiar la misma una vez ingresado al sistema </td></tr><tr><td style=\"padding: 0 0 20px 0\">Para acceder a su cuenta puede hacer clic en: <a href=\"http://3.139.25.45:28080/Login-001/faces/Home.jspx\" target=\"_blank\">Ingreso al sitio</a>. </td></tr><tr><td style=\"padding: 0\">Gracias<br /></td></tr></tbody></table></td></tr></tbody></table>','johanna.martinez@sicsas.com','OK','N','2022-06-15 17:14:59','jmartinez','2022-06-15 17:14:59','/Administrativo-001'),
(82,1,1,'Se ha restablecido la clave','****','consultoriajde@gmail.com','OK','S','2022-06-15 17:20:51','admin','2022-06-15 17:20:51','/Login-001'),
(83,1,1,'Se ha cambiado la clave','<table border=\"0\" cellpadding=\"0\" align=\"center\" cellspacing=\"0\" width=\"600\" style=\"margin: 0 auto; padding: 0\"><tbody><tr><td align=\"center\" bgcolor=\"#ffffff\" width=\"600\" style=\"background: #fff; padding: 0 56px; width: 100%\"><table border=\"0\" cellspacing=\"0\" cellpadding=\"0\" width=\"100%\"><tbody><tr><td style=\"padding: 0 0 20px 0\">Estimado/a <strong>ivera</strong>: </td></tr><tr><td style=\"padding: 0 0 20px 0\">La clave de su Cuenta fue <strong>cambiada de forma exitosa</strong>. </td></tr><tr><td style=\"padding: 0 0 4px 0\">Recuerde que su seguridad es importante y el uso de su clave es estrictamente personal </td></tr><tr><td style=\"padding: 0 0 20px 0\">No olvide cambiar la misma una vez ingresado al sistema </td></tr><tr><td style=\"padding: 0 0 20px 0\">Para acceder a su cuenta puede hacer clic en: <a href=\"http://3.139.25.45:28080/Login-001/faces/Home.jspx\" target=\"_blank\">Ingreso al sitio</a>. </td></tr><tr><td style=\"padding: 0\">Gracias<br /></td></tr></tbody></table></td></tr></tbody></table>','consultoriajde@gmail.com','OK','N','2022-06-15 17:22:02','ivera','2022-06-15 17:22:02','/Administrativo-001'),
(84,1,1,'Se ha restablecido la clave','****','jmartinez214@gmail.com','OK','S','2022-06-15 17:30:43','sjimenez','2022-06-15 17:30:43','/Login-001'),
(85,1,1,'Se ha cambiado la clave','<table border=\"0\" cellpadding=\"0\" align=\"center\" cellspacing=\"0\" width=\"600\" style=\"margin: 0 auto; padding: 0\"><tbody><tr><td align=\"center\" bgcolor=\"#ffffff\" width=\"600\" style=\"background: #fff; padding: 0 56px; width: 100%\"><table border=\"0\" cellspacing=\"0\" cellpadding=\"0\" width=\"100%\"><tbody><tr><td style=\"padding: 0 0 20px 0\">Estimado/a <strong>sjimenez</strong>: </td></tr><tr><td style=\"padding: 0 0 20px 0\">La clave de su Cuenta fue <strong>cambiada de forma exitosa</strong>. </td></tr><tr><td style=\"padding: 0 0 4px 0\">Recuerde que su seguridad es importante y el uso de su clave es estrictamente personal </td></tr><tr><td style=\"padding: 0 0 20px 0\">No olvide cambiar la misma una vez ingresado al sistema </td></tr><tr><td style=\"padding: 0 0 20px 0\">Para acceder a su cuenta puede hacer clic en: <a href=\"http://3.139.25.45:28080/Login-001/faces/Home.jspx\" target=\"_blank\">Ingreso al sitio</a>. </td></tr><tr><td style=\"padding: 0\">Gracias<br /></td></tr></tbody></table></td></tr></tbody></table>','jmartinez214@gmail.com','OK','N','2022-06-15 17:32:23','sjimenez','2022-06-15 17:32:23','/Administrativo-001'),
(86,1,1,'Se ha restablecido la clave','****','jmartinez214@gmail.com','OK','S','2022-06-15 17:36:10','admin','2022-06-15 17:36:10','/Login-001'),
(87,1,1,'Se ha cambiado la clave','<table border=\"0\" cellpadding=\"0\" align=\"center\" cellspacing=\"0\" width=\"600\" style=\"margin: 0 auto; padding: 0\"><tbody><tr><td align=\"center\" bgcolor=\"#ffffff\" width=\"600\" style=\"background: #fff; padding: 0 56px; width: 100%\"><table border=\"0\" cellspacing=\"0\" cellpadding=\"0\" width=\"100%\"><tbody><tr><td style=\"padding: 0 0 20px 0\">Estimado/a <strong>dpedreros</strong>: </td></tr><tr><td style=\"padding: 0 0 20px 0\">La clave de su Cuenta fue <strong>cambiada de forma exitosa</strong>. </td></tr><tr><td style=\"padding: 0 0 4px 0\">Recuerde que su seguridad es importante y el uso de su clave es estrictamente personal </td></tr><tr><td style=\"padding: 0 0 20px 0\">No olvide cambiar la misma una vez ingresado al sistema </td></tr><tr><td style=\"padding: 0 0 20px 0\">Para acceder a su cuenta puede hacer clic en: <a href=\"http://3.139.25.45:28080/Login-001/faces/Home.jspx\" target=\"_blank\">Ingreso al sitio</a>. </td></tr><tr><td style=\"padding: 0\">Gracias<br /></td></tr></tbody></table></td></tr></tbody></table>','jmartinez214@gmail.com','OK','N','2022-06-15 17:38:05','dpedreros','2022-06-15 17:38:05','/Administrativo-001'),
(88,1,1,'Se ha restablecido la clave','****','jmartinez214@gmail.com','OK','S','2022-06-15 17:40:27','admin','2022-06-15 17:40:27','/Login-001'),
(89,1,1,'Se ha cambiado la clave','<table border=\"0\" cellpadding=\"0\" align=\"center\" cellspacing=\"0\" width=\"600\" style=\"margin: 0 auto; padding: 0\"><tbody><tr><td align=\"center\" bgcolor=\"#ffffff\" width=\"600\" style=\"background: #fff; padding: 0 56px; width: 100%\"><table border=\"0\" cellspacing=\"0\" cellpadding=\"0\" width=\"100%\"><tbody><tr><td style=\"padding: 0 0 20px 0\">Estimado/a <strong>rodriguezm</strong>: </td></tr><tr><td style=\"padding: 0 0 20px 0\">La clave de su Cuenta fue <strong>cambiada de forma exitosa</strong>. </td></tr><tr><td style=\"padding: 0 0 4px 0\">Recuerde que su seguridad es importante y el uso de su clave es estrictamente personal </td></tr><tr><td style=\"padding: 0 0 20px 0\">No olvide cambiar la misma una vez ingresado al sistema </td></tr><tr><td style=\"padding: 0 0 20px 0\">Para acceder a su cuenta puede hacer clic en: <a href=\"http://3.139.25.45:28080/Login-001/faces/Home.jspx\" target=\"_blank\">Ingreso al sitio</a>. </td></tr><tr><td style=\"padding: 0\">Gracias<br /></td></tr></tbody></table></td></tr></tbody></table>','jmartinez214@gmail.com','OK','N','2022-06-15 19:19:59','rodriguezm','2022-06-15 19:19:59','/Administrativo-001'),
(90,1,1,'Se ha restablecido la clave','****','administracion@procesoelectronico.com','OK','S','2022-06-15 20:05:59','admin','2022-06-15 20:05:59','/Login-001'),
(91,1,1,'Se ha restablecido la clave','****','jmartinez214@gmail.com','OK','S','2022-06-15 20:06:08','admin','2022-06-15 20:06:08','/Login-001'),
(92,1,1,'Se ha cambiado la clave','<table border=\"0\" cellpadding=\"0\" align=\"center\" cellspacing=\"0\" width=\"600\" style=\"margin: 0 auto; padding: 0\"><tbody><tr><td align=\"center\" bgcolor=\"#ffffff\" width=\"600\" style=\"background: #fff; padding: 0 56px; width: 100%\"><table border=\"0\" cellspacing=\"0\" cellpadding=\"0\" width=\"100%\"><tbody><tr><td style=\"padding: 0 0 20px 0\">Estimado/a <strong>admin</strong>: </td></tr><tr><td style=\"padding: 0 0 20px 0\">La clave de su Cuenta fue <strong>cambiada de forma exitosa</strong>. </td></tr><tr><td style=\"padding: 0 0 4px 0\">Recuerde que su seguridad es importante y el uso de su clave es estrictamente personal </td></tr><tr><td style=\"padding: 0 0 20px 0\">No olvide cambiar la misma una vez ingresado al sistema </td></tr><tr><td style=\"padding: 0 0 20px 0\">Para acceder a su cuenta puede hacer clic en: <a href=\"http://3.139.25.45:28080/Login-001/faces/Home.jspx\" target=\"_blank\">Ingreso al sitio</a>. </td></tr><tr><td style=\"padding: 0\">Gracias<br /></td></tr></tbody></table></td></tr></tbody></table>','administracion@procesoelectronico.com','OK','N','2022-06-15 20:06:53','admin','2022-06-15 20:06:53','/Administrativo-001'),
(93,1,1,'Se ha cambiado la clave','<table border=\"0\" cellpadding=\"0\" align=\"center\" cellspacing=\"0\" width=\"600\" style=\"margin: 0 auto; padding: 0\"><tbody><tr><td align=\"center\" bgcolor=\"#ffffff\" width=\"600\" style=\"background: #fff; padding: 0 56px; width: 100%\"><table border=\"0\" cellspacing=\"0\" cellpadding=\"0\" width=\"100%\"><tbody><tr><td style=\"padding: 0 0 20px 0\">Estimado/a <strong>msalinas</strong>: </td></tr><tr><td style=\"padding: 0 0 20px 0\">La clave de su Cuenta fue <strong>cambiada de forma exitosa</strong>. </td></tr><tr><td style=\"padding: 0 0 4px 0\">Recuerde que su seguridad es importante y el uso de su clave es estrictamente personal </td></tr><tr><td style=\"padding: 0 0 20px 0\">No olvide cambiar la misma una vez ingresado al sistema </td></tr><tr><td style=\"padding: 0 0 20px 0\">Para acceder a su cuenta puede hacer clic en: <a href=\"http://3.139.25.45:28080/Login-001/faces/Home.jspx\" target=\"_blank\">Ingreso al sitio</a>. </td></tr><tr><td style=\"padding: 0\">Gracias<br /></td></tr></tbody></table></td></tr></tbody></table>','jmartinez214@gmail.com','OK','N','2022-06-15 20:09:53','msalinas','2022-06-15 20:09:53','/Administrativo-001'),
(94,1,1,'Se ha restablecido la clave','****','jmartinez214@gmail.com','OK','S','2022-06-15 20:59:32','supervisor','2022-06-15 20:59:32','/Login-001'),
(95,1,1,'Se ha cambiado la clave','<table border=\"0\" cellpadding=\"0\" align=\"center\" cellspacing=\"0\" width=\"600\" style=\"margin: 0 auto; padding: 0\"><tbody><tr><td align=\"center\" bgcolor=\"#ffffff\" width=\"600\" style=\"background: #fff; padding: 0 56px; width: 100%\"><table border=\"0\" cellspacing=\"0\" cellpadding=\"0\" width=\"100%\"><tbody><tr><td style=\"padding: 0 0 20px 0\">Estimado/a <strong>supervisor</strong>: </td></tr><tr><td style=\"padding: 0 0 20px 0\">La clave de su Cuenta fue <strong>cambiada de forma exitosa</strong>. </td></tr><tr><td style=\"padding: 0 0 4px 0\">Recuerde que su seguridad es importante y el uso de su clave es estrictamente personal </td></tr><tr><td style=\"padding: 0 0 20px 0\">No olvide cambiar la misma una vez ingresado al sistema </td></tr><tr><td style=\"padding: 0 0 20px 0\">Para acceder a su cuenta puede hacer clic en: <a href=\"http://3.139.25.45:28080/Login-001/faces/Home.jspx\" target=\"_blank\">Ingreso al sitio</a>. </td></tr><tr><td style=\"padding: 0\">Gracias<br /></td></tr></tbody></table></td></tr></tbody></table>','jmartinez214@gmail.com','OK','N','2022-06-15 21:01:40','supervisor','2022-06-15 21:01:40','/Administrativo-001'),
(96,1,1,'Se ha restablecido la clave','****','jmartinez214@gmail.com','OK','S','2022-06-15 21:15:26','hloaiza','2022-06-15 21:15:26','/Login-001'),
(97,1,1,'Se ha cambiado la clave','<table border=\"0\" cellpadding=\"0\" align=\"center\" cellspacing=\"0\" width=\"600\" style=\"margin: 0 auto; padding: 0\"><tbody><tr><td align=\"center\" bgcolor=\"#ffffff\" width=\"600\" style=\"background: #fff; padding: 0 56px; width: 100%\"><table border=\"0\" cellspacing=\"0\" cellpadding=\"0\" width=\"100%\"><tbody><tr><td style=\"padding: 0 0 20px 0\">Estimado/a <strong>hloaiza</strong>: </td></tr><tr><td style=\"padding: 0 0 20px 0\">La clave de su Cuenta fue <strong>cambiada de forma exitosa</strong>. </td></tr><tr><td style=\"padding: 0 0 4px 0\">Recuerde que su seguridad es importante y el uso de su clave es estrictamente personal </td></tr><tr><td style=\"padding: 0 0 20px 0\">No olvide cambiar la misma una vez ingresado al sistema </td></tr><tr><td style=\"padding: 0 0 20px 0\">Para acceder a su cuenta puede hacer clic en: <a href=\"http://3.139.25.45:28080/Login-001/faces/Home.jspx\" target=\"_blank\">Ingreso al sitio</a>. </td></tr><tr><td style=\"padding: 0\">Gracias<br /></td></tr></tbody></table></td></tr></tbody></table>','jmartinez214@gmail.com','OK','N','2022-06-15 21:18:36','hloaiza','2022-06-15 21:18:36','/Administrativo-001'),
(98,1,1,'Se ha restablecido la clave','****','omargo33@gmail.com','OK','S','2022-06-16 17:39:25','jmartinez','2022-06-16 17:39:25','/Login-001'),
(99,1,1,'Se ha cambiado la clave','<table border=\"0\" cellpadding=\"0\" align=\"center\" cellspacing=\"0\" width=\"600\" style=\"margin: 0 auto; padding: 0\"><tbody><tr><td align=\"center\" bgcolor=\"#ffffff\" width=\"600\" style=\"background: #fff; padding: 0 56px; width: 100%\"><table border=\"0\" cellspacing=\"0\" cellpadding=\"0\" width=\"100%\"><tbody><tr><td style=\"padding: 0 0 20px 0\">Estimado/a <strong>jmartinez</strong>: </td></tr><tr><td style=\"padding: 0 0 20px 0\">La clave de su Cuenta fue <strong>cambiada de forma exitosa</strong>. </td></tr><tr><td style=\"padding: 0 0 4px 0\">Recuerde que su seguridad es importante y el uso de su clave es estrictamente personal </td></tr><tr><td style=\"padding: 0 0 20px 0\">No olvide cambiar la misma una vez ingresado al sistema </td></tr><tr><td style=\"padding: 0 0 20px 0\">Para acceder a su cuenta puede hacer clic en: <a href=\"http://3.139.25.45:28080/Login-001/faces/Home.jspx\" target=\"_blank\">Ingreso al sitio</a>. </td></tr><tr><td style=\"padding: 0\">Gracias<br /></td></tr></tbody></table></td></tr></tbody></table>','omargo33@gmail.com','OK','N','2022-06-16 17:42:50','jmartinez','2022-06-16 17:42:50','/Administrativo-001'),
(100,1,1,'Se ha restablecido la clave','****','johanna.martinez@sicsas.com','OK','S','2022-06-16 20:57:53','jmartinez','2022-06-16 20:57:53','/Login-001'),
(101,1,1,'Se ha restablecido la clave','****','johanna.martinez@sicsas.com','OK','S','2022-06-16 21:05:19','jmartinez','2022-06-16 21:05:19','/Login-001'),
(102,1,1,'Se ha restablecido la clave','****','omargo33@hotmail.com','OK','S','2022-06-16 22:01:02','root','2022-06-16 22:01:02','/Login-001'),
(103,1,1,'Se ha cambiado la clave','<table border=\"0\" cellpadding=\"0\" align=\"center\" cellspacing=\"0\" width=\"600\" style=\"margin: 0 auto; padding: 0\"><tbody><tr><td align=\"center\" bgcolor=\"#ffffff\" width=\"600\" style=\"background: #fff; padding: 0 56px; width: 100%\"><table border=\"0\" cellspacing=\"0\" cellpadding=\"0\" width=\"100%\"><tbody><tr><td style=\"padding: 0 0 20px 0\">Estimado/a <strong>root</strong>: </td></tr><tr><td style=\"padding: 0 0 20px 0\">La clave de su Cuenta fue <strong>cambiada de forma exitosa</strong>. </td></tr><tr><td style=\"padding: 0 0 4px 0\">Recuerde que su seguridad es importante y el uso de su clave es estrictamente personal </td></tr><tr><td style=\"padding: 0 0 20px 0\">No olvide cambiar la misma una vez ingresado al sistema </td></tr><tr><td style=\"padding: 0 0 20px 0\">Para acceder a su cuenta puede hacer clic en: <a href=\"http://3.139.25.45:28080/Login-001/faces/Home.jspx\" target=\"_blank\">Ingreso al sitio</a>. </td></tr><tr><td style=\"padding: 0\">Gracias<br /></td></tr></tbody></table></td></tr></tbody></table>','omargo33@hotmail.com','OK','N','2022-06-16 22:02:52','root','2022-06-16 22:02:52','/Administrativo-001'),
(104,1,1,'Se ha restablecido la clave','****','omargo33@hotmail.com','OK','S','2022-06-17 16:23:37','root','2022-06-17 16:23:37','/Login-001'),
(105,1,1,'Se ha cambiado la clave','<table border=\"0\" cellpadding=\"0\" align=\"center\" cellspacing=\"0\" width=\"600\" style=\"margin: 0 auto; padding: 0\"><tbody><tr><td align=\"center\" bgcolor=\"#ffffff\" width=\"600\" style=\"background: #fff; padding: 0 56px; width: 100%\"><table border=\"0\" cellspacing=\"0\" cellpadding=\"0\" width=\"100%\"><tbody><tr><td style=\"padding: 0 0 20px 0\">Estimado/a <strong>root</strong>: </td></tr><tr><td style=\"padding: 0 0 20px 0\">La clave de su Cuenta fue <strong>cambiada de forma exitosa</strong>. </td></tr><tr><td style=\"padding: 0 0 4px 0\">Recuerde que su seguridad es importante y el uso de su clave es estrictamente personal </td></tr><tr><td style=\"padding: 0 0 20px 0\">No olvide cambiar la misma una vez ingresado al sistema </td></tr><tr><td style=\"padding: 0 0 20px 0\">Para acceder a su cuenta puede hacer clic en: <a href=\"http://3.139.25.45:28080/Login-001/faces/Home.jspx\" target=\"_blank\">Ingreso al sitio</a>. </td></tr><tr><td style=\"padding: 0\">Gracias<br /></td></tr></tbody></table></td></tr></tbody></table>','omargo33@hotmail.com','OK','N','2022-06-17 16:24:38','root','2022-06-17 16:24:39','/Administrativo-001'),
(106,1,1,'Se ha restablecido la clave','****','administracion@procesoelectronico.com','OK','S','2022-06-17 17:34:01','admin','2022-06-17 17:34:01','/Login-001'),
(107,1,1,'Se ha restablecido la clave','****','johanna.martinez@sicsas.com','OK','S','2022-06-21 14:59:56','jmartinez','2022-06-21 14:59:56','/Login-001'),
(108,1,1,'Se ha cambiado la clave','<table border=\"0\" cellpadding=\"0\" align=\"center\" cellspacing=\"0\" width=\"600\" style=\"margin: 0 auto; padding: 0\"><tbody><tr><td align=\"center\" bgcolor=\"#ffffff\" width=\"600\" style=\"background: #fff; padding: 0 56px; width: 100%\"><table border=\"0\" cellspacing=\"0\" cellpadding=\"0\" width=\"100%\"><tbody><tr><td style=\"padding: 0 0 20px 0\">Estimado/a <strong>jmartinez</strong>: </td></tr><tr><td style=\"padding: 0 0 20px 0\">La clave de su Cuenta fue <strong>cambiada de forma exitosa</strong>. </td></tr><tr><td style=\"padding: 0 0 4px 0\">Recuerde que su seguridad es importante y el uso de su clave es estrictamente personal </td></tr><tr><td style=\"padding: 0 0 20px 0\">No olvide cambiar la misma una vez ingresado al sistema </td></tr><tr><td style=\"padding: 0 0 20px 0\">Para acceder a su cuenta puede hacer clic en: <a href=\"http://3.139.25.45:28080/Login-001/faces/Home.jspx\" target=\"_blank\">Ingreso al sitio</a>. </td></tr><tr><td style=\"padding: 0\">Gracias<br /></td></tr></tbody></table></td></tr></tbody></table>','johanna.martinez@sicsas.com','OK','N','2022-06-21 15:01:18','jmartinez','2022-06-21 15:01:18','/Administrativo-001'),
(109,2,1,'Se ha creado la clave','****','tania.m.ruiz92@gmail.com','OK','S','2022-07-25 14:17:58','supervisor','2022-07-25 14:17:58','/Administrativo-001'),
(110,1,1,'Se ha restablecido la clave','****','tania.m.ruiz92@gmail.com','OK','S','2022-07-25 17:34:17','supervisor','2022-07-25 17:34:17','/Login-001'),
(111,1,1,'Se ha cambiado la clave','<table border=\"0\" cellpadding=\"0\" align=\"center\" cellspacing=\"0\" width=\"600\" style=\"margin: 0 auto; padding: 0\"><tbody><tr><td align=\"center\" bgcolor=\"#ffffff\" width=\"600\" style=\"background: #fff; padding: 0 56px; width: 100%\"><table border=\"0\" cellspacing=\"0\" cellpadding=\"0\" width=\"100%\"><tbody><tr><td style=\"padding: 0 0 20px 0\">Estimado/a <strong>adiaz</strong>: </td></tr><tr><td style=\"padding: 0 0 20px 0\">La clave de su Cuenta fue <strong>cambiada de forma exitosa</strong>. </td></tr><tr><td style=\"padding: 0 0 4px 0\">Recuerde que su seguridad es importante y el uso de su clave es estrictamente personal </td></tr><tr><td style=\"padding: 0 0 20px 0\">No olvide cambiar la misma una vez ingresado al sistema </td></tr><tr><td style=\"padding: 0 0 20px 0\">Para acceder a su cuenta puede hacer clic en: <a href=\"http://3.139.25.45:28080/Login-001/faces/Home.jspx\" target=\"_blank\">Ingreso al sitio</a>. </td></tr><tr><td style=\"padding: 0\">Gracias<br /></td></tr></tbody></table></td></tr></tbody></table>','tania.m.ruiz92@gmail.com','OK','N','2022-07-25 23:09:13','adiaz','2022-07-25 23:09:13','/Administrativo-001'),
(112,1,1,'Se ha restablecido la clave','****','tania.m.ruiz92@gmail.com','OK','S','2022-07-25 23:10:06','adiaz','2022-07-25 23:10:06','/Login-001'),
(113,1,1,'Se ha cambiado la clave','<table border=\"0\" cellpadding=\"0\" align=\"center\" cellspacing=\"0\" width=\"600\" style=\"margin: 0 auto; padding: 0\"><tbody><tr><td align=\"center\" bgcolor=\"#ffffff\" width=\"600\" style=\"background: #fff; padding: 0 56px; width: 100%\"><table border=\"0\" cellspacing=\"0\" cellpadding=\"0\" width=\"100%\"><tbody><tr><td style=\"padding: 0 0 20px 0\">Estimado/a <strong>adiaz</strong>: </td></tr><tr><td style=\"padding: 0 0 20px 0\">La clave de su Cuenta fue <strong>cambiada de forma exitosa</strong>. </td></tr><tr><td style=\"padding: 0 0 4px 0\">Recuerde que su seguridad es importante y el uso de su clave es estrictamente personal </td></tr><tr><td style=\"padding: 0 0 20px 0\">No olvide cambiar la misma una vez ingresado al sistema </td></tr><tr><td style=\"padding: 0 0 20px 0\">Para acceder a su cuenta puede hacer clic en: <a href=\"http://3.139.25.45:28080/Login-001/faces/Home.jspx\" target=\"_blank\">Ingreso al sitio</a>. </td></tr><tr><td style=\"padding: 0\">Gracias<br /></td></tr></tbody></table></td></tr></tbody></table>','tania.m.ruiz92@gmail.com','OK','N','2022-07-25 23:12:16','adiaz','2022-07-25 23:12:16','/Administrativo-001'),
(114,2,1,'Se ha creado la clave','****','carlos.garibello1569@gmail.com','OK','S','2022-07-26 15:31:23','cgaribello','2022-07-26 15:31:23','/Administrativo-001'),
(115,2,1,'Se ha creado la clave','****','carlos.garibello1569@gmail.com','OK','S','2022-07-26 15:31:45','cgaribello','2022-07-26 15:31:45','/Administrativo-001'),
(116,2,1,'Se ha creado la clave','****','gerson.rodriguez@aerocivil.gov.co','OK','S','2022-07-26 15:55:20','cgaribello','2022-07-26 15:55:20','/Administrativo-001');
/*!40000 ALTER TABLE `notificacion` ENABLE KEYS */;
UNLOCK TABLES;

--
-- Table structure for table `notificacion_evento`
--

DROP TABLE IF EXISTS `notificacion_evento`;
/*!40101 SET @saved_cs_client     = @@character_set_client */;
/*!40101 SET character_set_client = utf8 */;
CREATE TABLE `notificacion_evento` (
  `id_notificacion_evento` int NOT NULL AUTO_INCREMENT,
  `id_notificacion` int DEFAULT NULL,
  `informacion` varchar(512) NOT NULL COMMENT 'Informacion del evento',
  `tipo` varchar(8) NOT NULL COMMENT 'Tipo de evento',
  `usuario` varchar(128) NOT NULL COMMENT 'Usuario que realizo el cambio',
  `usuario_fecha` datetime NOT NULL DEFAULT CURRENT_TIMESTAMP COMMENT 'Fecha de insercion del registro',
  `usuario_programa` varchar(256) NOT NULL COMMENT 'Programa usado para el cambio',
  PRIMARY KEY (`id_notificacion_evento`),
  KEY `notificacion_evento_FK` (`id_notificacion`),
  CONSTRAINT `notificacion_evento_FK` FOREIGN KEY (`id_notificacion`) REFERENCES `notificacion` (`id_notificacion`)
) ENGINE=InnoDB AUTO_INCREMENT=323 DEFAULT CHARSET=utf8mb4 COLLATE=utf8mb4_0900_ai_ci;
/*!40101 SET character_set_client = @saved_cs_client */;

--
-- Dumping data for table `notificacion_evento`
--

LOCK TABLES `notificacion_evento` WRITE;
/*!40000 ALTER TABLE `notificacion_evento` DISABLE KEYS */;
INSERT INTO `notificacion_evento` VALUES
(97,4,'Inicia el proceso','IP','Pendiente','2022-06-14 01:48:03','Notificaciones'),
(98,4,'Enviado','OK','Pendiente','2022-06-14 01:48:07','Notificaciones'),
(99,5,'Inicia el proceso','IP','Pendiente','2022-06-14 01:48:07','Notificaciones'),
(100,5,'Enviado','OK','Pendiente','2022-06-14 01:48:09','Notificaciones'),
(101,6,'Inicia el proceso','IP','Pendiente','2022-06-14 01:48:09','Notificaciones'),
(102,6,'Enviado','OK','Pendiente','2022-06-14 01:48:11','Notificaciones'),
(103,7,'Inicia el proceso','IP','Pendiente','2022-06-14 01:48:11','Notificaciones'),
(104,7,'Enviado','OK','Pendiente','2022-06-14 01:48:13','Notificaciones'),
(105,8,'Inicia el proceso','IP','Pendiente','2022-06-14 01:48:13','Notificaciones'),
(106,8,'Enviado','OK','Pendiente','2022-06-14 01:48:14','Notificaciones'),
(107,9,'Inicia el proceso','IP','admin','2022-06-14 01:48:15','Notificaciones'),
(108,9,'Enviado','OK','admin','2022-06-14 01:48:16','Notificaciones'),
(109,10,'Inicia el proceso','IP','aerolinea','2022-06-14 01:48:16','Notificaciones'),
(110,10,'Enviado','OK','aerolinea','2022-06-14 01:48:18','Notificaciones'),
(111,11,'Inicia el proceso','IP','root','2022-06-14 01:48:18','Notificaciones'),
(112,11,'Enviado','OK','root','2022-06-14 01:48:20','Notificaciones'),
(113,12,'Inicia el proceso','IP','jmartinez','2022-06-14 12:51:02','Notificaciones'),
(114,12,'Enviado','OK','jmartinez','2022-06-14 12:51:04','Notificaciones'),
(115,13,'Inicia el proceso','IP','jmartinez','2022-06-14 12:54:02','Notificaciones'),
(116,13,'Enviado','OK','jmartinez','2022-06-14 12:54:04','Notificaciones'),
(117,14,'Inicia el proceso','IP','admin','2022-06-14 14:20:02','Notificaciones'),
(118,14,'Enviado','OK','admin','2022-06-14 14:20:04','Notificaciones'),
(119,15,'Inicia el proceso','IP','admin','2022-06-14 14:34:02','Notificaciones'),
(120,15,'Enviado','OK','admin','2022-06-14 14:34:04','Notificaciones'),
(121,16,'Inicia el proceso','IP','jmartinez','2022-06-14 14:35:02','Notificaciones'),
(122,16,'Enviado','OK','jmartinez','2022-06-14 14:35:04','Notificaciones'),
(123,17,'Inicia el proceso','IP','hloaiza','2022-06-14 14:38:02','Notificaciones'),
(124,17,'Enviado','OK','hloaiza','2022-06-14 14:38:04','Notificaciones'),
(125,18,'Inicia el proceso','IP','admin','2022-06-14 14:42:02','Notificaciones'),
(126,18,'Enviado','OK','admin','2022-06-14 14:42:04','Notificaciones'),
(127,19,'Inicia el proceso','IP','admin','2022-06-14 14:45:02','Notificaciones'),
(128,19,'Enviado','OK','admin','2022-06-14 14:45:04','Notificaciones'),
(129,20,'Inicia el proceso','IP','sjimenez','2022-06-14 14:49:02','Notificaciones'),
(130,20,'Enviado','OK','sjimenez','2022-06-14 14:49:04','Notificaciones'),
(131,21,'Inicia el proceso','IP','admin','2022-06-14 14:54:02','Notificaciones'),
(132,21,'Enviado','OK','admin','2022-06-14 14:54:04','Notificaciones'),
(133,22,'Inicia el proceso','IP','jmartinez','2022-06-14 14:56:02','Notificaciones'),
(134,22,'Enviado','OK','jmartinez','2022-06-14 14:56:04','Notificaciones'),
(135,23,'Inicia el proceso','IP','jmartinez','2022-06-14 14:58:02','Notificaciones'),
(136,23,'Enviado','OK','jmartinez','2022-06-14 14:58:04','Notificaciones'),
(137,24,'Inicia el proceso','IP','jmartinez','2022-06-14 15:01:02','Notificaciones'),
(138,24,'Enviado','OK','jmartinez','2022-06-14 15:01:04','Notificaciones'),
(139,25,'Inicia el proceso','IP','root','2022-06-14 15:31:02','Notificaciones'),
(140,25,'Enviado','OK','root','2022-06-14 15:31:04','Notificaciones'),
(141,26,'Inicia el proceso','IP','admin','2022-06-14 16:03:02','Notificaciones'),
(142,26,'Enviado','OK','admin','2022-06-14 16:03:04','Notificaciones'),
(143,27,'Inicia el proceso','IP','admin','2022-06-14 16:04:02','Notificaciones'),
(144,27,'Enviado','OK','admin','2022-06-14 16:04:04','Notificaciones'),
(145,28,'Inicia el proceso','IP','root','2022-06-14 17:53:02','Notificaciones'),
(146,28,'Enviado','OK','root','2022-06-14 17:53:04','Notificaciones'),
(147,29,'Inicia el proceso','IP','root','2022-06-14 17:55:02','Notificaciones'),
(148,29,'Enviado','OK','root','2022-06-14 17:55:04','Notificaciones'),
(149,30,'Inicia el proceso','IP','jmartinez','2022-06-14 18:18:02','Notificaciones'),
(150,30,'Enviado','OK','jmartinez','2022-06-14 18:18:04','Notificaciones'),
(151,31,'Inicia el proceso','IP','jmartinez','2022-06-14 18:20:02','Notificaciones'),
(152,31,'Enviado','OK','jmartinez','2022-06-14 18:20:04','Notificaciones'),
(153,32,'Inicia el proceso','IP','jmartinez','2022-06-14 18:21:02','Notificaciones'),
(154,32,'Enviado','OK','jmartinez','2022-06-14 18:21:04','Notificaciones'),
(155,33,'Inicia el proceso','IP','jmartinez','2022-06-14 18:32:02','Notificaciones'),
(156,33,'Enviado','OK','jmartinez','2022-06-14 18:32:04','Notificaciones'),
(157,34,'Inicia el proceso','IP','jmartinez','2022-06-14 18:34:02','Notificaciones'),
(158,34,'Enviado','OK','jmartinez','2022-06-14 18:34:04','Notificaciones'),
(159,35,'Inicia el proceso','IP','jmartinez','2022-06-14 19:16:02','Notificaciones'),
(160,35,'Enviado','OK','jmartinez','2022-06-14 19:16:04','Notificaciones'),
(161,36,'Inicia el proceso','IP','root','2022-06-14 19:29:02','Notificaciones'),
(162,36,'Enviado','OK','root','2022-06-14 19:29:04','Notificaciones'),
(163,37,'Inicia el proceso','IP','root','2022-06-14 19:30:02','Notificaciones'),
(164,37,'Enviado','OK','root','2022-06-14 19:30:04','Notificaciones'),
(165,38,'Inicia el proceso','IP','cgaribello','2022-06-14 19:33:02','Notificaciones'),
(166,38,'Enviado','OK','cgaribello','2022-06-14 19:33:04','Notificaciones'),
(167,39,'Inicia el proceso','IP','ovelez','2022-06-14 19:34:02','Notificaciones'),
(168,39,'Enviado','OK','ovelez','2022-06-14 19:34:04','Notificaciones'),
(169,40,'Inicia el proceso','IP','root','2022-06-14 21:07:02','Notificaciones'),
(170,40,'Enviado','OK','root','2022-06-14 21:07:05','Notificaciones'),
(171,41,'Inicia el proceso','IP','root','2022-06-14 21:09:02','Notificaciones'),
(172,41,'Enviado','OK','root','2022-06-14 21:09:04','Notificaciones'),
(173,42,'Inicia el proceso','IP','jmartinez','2022-06-14 22:21:02','Notificaciones'),
(174,42,'Enviado','OK','jmartinez','2022-06-14 22:21:06','Notificaciones'),
(175,43,'Inicia el proceso','IP','root','2022-06-14 22:25:02','Notificaciones'),
(176,43,'Enviado','OK','root','2022-06-14 22:25:04','Notificaciones'),
(177,44,'Inicia el proceso','IP','admin','2022-06-14 22:26:02','Notificaciones'),
(178,44,'Enviado','OK','admin','2022-06-14 22:26:04','Notificaciones'),
(179,45,'Inicia el proceso','IP','jmartinez','2022-06-14 22:37:02','Notificaciones'),
(180,45,'Enviado','OK','jmartinez','2022-06-14 22:37:04','Notificaciones'),
(181,46,'Inicia el proceso','IP','sjimenez','2022-06-15 09:11:02','Notificaciones'),
(182,46,'Enviado','OK','sjimenez','2022-06-15 09:11:06','Notificaciones'),
(183,47,'Inicia el proceso','IP','jmartinez','2022-06-15 09:12:02','Notificaciones'),
(184,47,'Enviado','OK','jmartinez','2022-06-15 09:12:04','Notificaciones'),
(185,48,'Inicia el proceso','IP','jmartinez','2022-06-15 09:14:02','Notificaciones'),
(186,48,'Enviado','OK','jmartinez','2022-06-15 09:14:04','Notificaciones'),
(187,49,'Inicia el proceso','IP','jmartinez','2022-06-15 09:16:02','Notificaciones'),
(188,49,'Enviado','OK','jmartinez','2022-06-15 09:16:04','Notificaciones'),
(189,50,'Inicia el proceso','IP','jmartinez','2022-06-15 09:18:02','Notificaciones'),
(190,50,'Enviado','OK','jmartinez','2022-06-15 09:18:04','Notificaciones'),
(191,51,'Inicia el proceso','IP','jmartinez','2022-06-15 09:19:02','Notificaciones'),
(192,51,'Enviado','OK','jmartinez','2022-06-15 09:19:04','Notificaciones'),
(193,52,'Inicia el proceso','IP','jmartinez','2022-06-15 09:21:02','Notificaciones'),
(194,52,'Enviado','OK','jmartinez','2022-06-15 09:21:04','Notificaciones'),
(195,53,'Inicia el proceso','IP','jmartinez','2022-06-15 09:22:02','Notificaciones'),
(196,53,'Enviado','OK','jmartinez','2022-06-15 09:22:04','Notificaciones'),
(197,54,'Inicia el proceso','IP','admin','2022-06-15 10:09:02','Notificaciones'),
(198,54,'Enviado','OK','admin','2022-06-15 10:09:04','Notificaciones'),
(199,55,'Inicia el proceso','IP','root','2022-06-15 10:19:02','Notificaciones'),
(200,55,'Enviado','OK','root','2022-06-15 10:19:04','Notificaciones'),
(201,56,'Inicia el proceso','IP','admin','2022-06-15 11:35:02','Notificaciones'),
(202,56,'Enviado','OK','admin','2022-06-15 11:35:04','Notificaciones'),
(203,57,'Inicia el proceso','IP','sjimenez','2022-06-15 12:09:02','Notificaciones'),
(204,57,'Enviado','OK','sjimenez','2022-06-15 12:09:04','Notificaciones'),
(205,58,'Inicia el proceso','IP','admin','2022-06-15 12:16:02','Notificaciones'),
(206,58,'Enviado','OK','admin','2022-06-15 12:16:04','Notificaciones'),
(207,59,'Inicia el proceso','IP','admin','2022-06-15 12:25:02','Notificaciones'),
(208,59,'Enviado','OK','admin','2022-06-15 12:25:04','Notificaciones'),
(209,60,'Inicia el proceso','IP','cgaribello','2022-06-15 13:09:02','Notificaciones'),
(210,60,'Enviado','OK','cgaribello','2022-06-15 13:09:04','Notificaciones'),
(211,61,'Inicia el proceso','IP','admin','2022-06-15 13:10:02','Notificaciones'),
(212,61,'Enviado','OK','admin','2022-06-15 13:10:04','Notificaciones'),
(213,62,'Inicia el proceso','IP','admin','2022-06-15 13:10:04','Notificaciones'),
(214,62,'Enviado','OK','admin','2022-06-15 13:10:05','Notificaciones'),
(215,63,'Inicia el proceso','IP','admin','2022-06-15 13:10:05','Notificaciones'),
(216,63,'Enviado','OK','admin','2022-06-15 13:10:07','Notificaciones'),
(217,64,'Inicia el proceso','IP','sjimenez','2022-06-15 13:11:02','Notificaciones'),
(218,64,'Enviado','OK','sjimenez','2022-06-15 13:11:04','Notificaciones'),
(219,65,'Inicia el proceso','IP','stovar','2022-06-15 13:17:02','Notificaciones'),
(220,65,'Enviado','OK','stovar','2022-06-15 13:17:04','Notificaciones'),
(221,66,'Inicia el proceso','IP','stovar','2022-06-15 13:18:02','Notificaciones'),
(222,66,'Enviado','OK','stovar','2022-06-15 13:18:04','Notificaciones'),
(223,67,'Inicia el proceso','IP','root','2022-06-15 15:46:02','Notificaciones'),
(224,67,'Enviado','OK','root','2022-06-15 15:46:04','Notificaciones'),
(225,68,'Inicia el proceso','IP','root','2022-06-15 15:48:02','Notificaciones'),
(226,68,'Enviado','OK','root','2022-06-15 15:48:04','Notificaciones'),
(227,69,'Inicia el proceso','IP','root','2022-06-15 16:02:02','Notificaciones'),
(228,69,'Enviado','OK','root','2022-06-15 16:02:04','Notificaciones'),
(229,70,'Inicia el proceso','IP','ovelez','2022-06-15 16:07:02','Notificaciones'),
(230,70,'Enviado','OK','ovelez','2022-06-15 16:07:04','Notificaciones'),
(231,71,'Inicia el proceso','IP','jmartinez','2022-06-15 16:08:02','Notificaciones'),
(232,71,'Enviado','OK','jmartinez','2022-06-15 16:08:04','Notificaciones'),
(233,72,'Inicia el proceso','IP','ovelez','2022-06-15 16:11:02','Notificaciones'),
(234,72,'Enviado','OK','ovelez','2022-06-15 16:11:04','Notificaciones'),
(235,73,'Inicia el proceso','IP','root','2022-06-15 16:12:02','Notificaciones'),
(236,73,'Enviado','OK','root','2022-06-15 16:12:04','Notificaciones'),
(237,74,'Inicia el proceso','IP','jmartinez','2022-06-15 16:13:02','Notificaciones'),
(238,74,'Enviado','OK','jmartinez','2022-06-15 16:13:04','Notificaciones'),
(239,75,'Inicia el proceso','IP','ovelez','2022-06-15 16:14:02','Notificaciones'),
(240,75,'Enviado','OK','ovelez','2022-06-15 16:14:04','Notificaciones'),
(241,76,'Inicia el proceso','IP','root','2022-06-15 16:15:02','Notificaciones'),
(242,76,'Enviado','OK','root','2022-06-15 16:15:04','Notificaciones'),
(243,77,'Inicia el proceso','IP','root','2022-06-15 16:16:02','Notificaciones'),
(244,77,'Enviado','OK','root','2022-06-15 16:16:04','Notificaciones'),
(245,78,'Inicia el proceso','IP','stovar','2022-06-15 17:05:02','Notificaciones'),
(246,78,'Enviado','OK','stovar','2022-06-15 17:05:04','Notificaciones'),
(247,79,'Inicia el proceso','IP','stovar','2022-06-15 17:08:02','Notificaciones'),
(248,79,'Enviado','OK','stovar','2022-06-15 17:08:04','Notificaciones'),
(249,80,'Inicia el proceso','IP','jmartinez','2022-06-15 17:14:02','Notificaciones'),
(250,80,'Enviado','OK','jmartinez','2022-06-15 17:14:04','Notificaciones'),
(251,81,'Inicia el proceso','IP','jmartinez','2022-06-15 17:15:02','Notificaciones'),
(252,81,'Enviado','OK','jmartinez','2022-06-15 17:15:04','Notificaciones'),
(253,82,'Inicia el proceso','IP','admin','2022-06-15 17:21:02','Notificaciones'),
(254,82,'Enviado','OK','admin','2022-06-15 17:21:04','Notificaciones'),
(255,83,'Inicia el proceso','IP','ivera','2022-06-15 17:22:02','Notificaciones'),
(256,83,'Enviado','OK','ivera','2022-06-15 17:22:04','Notificaciones'),
(257,84,'Inicia el proceso','IP','sjimenez','2022-06-15 17:31:02','Notificaciones'),
(258,84,'Enviado','OK','sjimenez','2022-06-15 17:31:04','Notificaciones'),
(259,85,'Inicia el proceso','IP','sjimenez','2022-06-15 17:33:02','Notificaciones'),
(260,85,'Enviado','OK','sjimenez','2022-06-15 17:33:04','Notificaciones'),
(261,86,'Inicia el proceso','IP','admin','2022-06-15 17:37:02','Notificaciones'),
(262,86,'Enviado','OK','admin','2022-06-15 17:37:04','Notificaciones'),
(263,87,'Inicia el proceso','IP','dpedreros','2022-06-15 17:39:02','Notificaciones'),
(264,87,'Enviado','OK','dpedreros','2022-06-15 17:39:04','Notificaciones'),
(265,88,'Inicia el proceso','IP','admin','2022-06-15 17:41:02','Notificaciones'),
(266,88,'Enviado','OK','admin','2022-06-15 17:41:04','Notificaciones'),
(267,89,'Inicia el proceso','IP','rodriguezm','2022-06-15 19:20:02','Notificaciones'),
(268,89,'Enviado','OK','rodriguezm','2022-06-15 19:20:05','Notificaciones'),
(269,90,'Inicia el proceso','IP','admin','2022-06-15 20:06:02','Notificaciones'),
(270,90,'Enviado','OK','admin','2022-06-15 20:06:04','Notificaciones'),
(271,91,'Inicia el proceso','IP','admin','2022-06-15 20:07:02','Notificaciones'),
(272,91,'Enviado','OK','admin','2022-06-15 20:07:04','Notificaciones'),
(273,92,'Inicia el proceso','IP','admin','2022-06-15 20:07:04','Notificaciones'),
(274,92,'Enviado','OK','admin','2022-06-15 20:07:05','Notificaciones'),
(275,93,'Inicia el proceso','IP','msalinas','2022-06-15 20:10:02','Notificaciones'),
(276,93,'Enviado','OK','msalinas','2022-06-15 20:10:04','Notificaciones'),
(277,94,'Inicia el proceso','IP','supervisor','2022-06-15 21:00:02','Notificaciones'),
(278,94,'Enviado','OK','supervisor','2022-06-15 21:00:05','Notificaciones'),
(279,95,'Inicia el proceso','IP','supervisor','2022-06-15 21:02:02','Notificaciones'),
(280,95,'Enviado','OK','supervisor','2022-06-15 21:02:04','Notificaciones'),
(281,96,'Inicia el proceso','IP','hloaiza','2022-06-15 21:16:02','Notificaciones'),
(282,96,'Enviado','OK','hloaiza','2022-06-15 21:16:04','Notificaciones'),
(283,97,'Inicia el proceso','IP','hloaiza','2022-06-15 21:19:02','Notificaciones'),
(284,97,'Enviado','OK','hloaiza','2022-06-15 21:19:04','Notificaciones'),
(285,98,'Inicia el proceso','IP','jmartinez','2022-06-16 17:40:02','Notificaciones'),
(286,98,'Enviado','OK','jmartinez','2022-06-16 17:40:04','Notificaciones'),
(287,99,'Inicia el proceso','IP','jmartinez','2022-06-16 17:43:02','Notificaciones'),
(288,99,'Enviado','OK','jmartinez','2022-06-16 17:43:04','Notificaciones'),
(289,100,'Inicia el proceso','IP','jmartinez','2022-06-16 20:58:02','Notificaciones'),
(290,100,'Enviado','OK','jmartinez','2022-06-16 20:58:04','Notificaciones'),
(291,101,'Inicia el proceso','IP','jmartinez','2022-06-16 21:06:02','Notificaciones'),
(292,101,'Enviado','OK','jmartinez','2022-06-16 21:06:04','Notificaciones'),
(293,102,'Inicia el proceso','IP','root','2022-06-16 22:02:02','Notificaciones'),
(294,102,'Enviado','OK','root','2022-06-16 22:02:04','Notificaciones'),
(295,103,'Inicia el proceso','IP','root','2022-06-16 22:03:02','Notificaciones'),
(296,103,'Enviado','OK','root','2022-06-16 22:03:04','Notificaciones'),
(297,104,'Inicia el proceso','IP','root','2022-06-17 16:24:02','Notificaciones'),
(298,104,'Enviado','OK','root','2022-06-17 16:24:05','Notificaciones'),
(299,105,'Inicia el proceso','IP','root','2022-06-17 16:25:02','Notificaciones'),
(300,105,'Enviado','OK','root','2022-06-17 16:25:04','Notificaciones'),
(301,106,'Inicia el proceso','IP','admin','2022-06-17 17:34:02','Notificaciones'),
(302,106,'Enviado','OK','admin','2022-06-17 17:34:04','Notificaciones'),
(303,107,'Inicia el proceso','IP','jmartinez','2022-06-21 15:00:02','Notificaciones'),
(304,107,'Enviado','OK','jmartinez','2022-06-21 15:00:04','Notificaciones'),
(305,108,'Inicia el proceso','IP','jmartinez','2022-06-21 15:02:02','Notificaciones'),
(306,108,'Enviado','OK','jmartinez','2022-06-21 15:02:04','Notificaciones'),
(307,109,'Inicia el proceso','IP','supervisor','2022-07-25 14:18:02','Notificaciones'),
(308,109,'Enviado','OK','supervisor','2022-07-25 14:18:04','Notificaciones'),
(309,110,'Inicia el proceso','IP','supervisor','2022-07-25 17:35:02','Notificaciones'),
(310,110,'Enviado','OK','supervisor','2022-07-25 17:35:04','Notificaciones'),
(311,111,'Inicia el proceso','IP','adiaz','2022-07-25 23:10:02','Notificaciones'),
(312,111,'Enviado','OK','adiaz','2022-07-25 23:10:05','Notificaciones'),
(313,112,'Inicia el proceso','IP','adiaz','2022-07-25 23:11:02','Notificaciones'),
(314,112,'Enviado','OK','adiaz','2022-07-25 23:11:04','Notificaciones'),
(315,113,'Inicia el proceso','IP','adiaz','2022-07-25 23:13:02','Notificaciones'),
(316,113,'Enviado','OK','adiaz','2022-07-25 23:13:04','Notificaciones'),
(317,114,'Inicia el proceso','IP','cgaribello','2022-07-26 15:32:02','Notificaciones'),
(318,114,'Enviado','OK','cgaribello','2022-07-26 15:32:04','Notificaciones'),
(319,115,'Inicia el proceso','IP','cgaribello','2022-07-26 15:32:05','Notificaciones'),
(320,115,'Enviado','OK','cgaribello','2022-07-26 15:32:06','Notificaciones'),
(321,116,'Inicia el proceso','IP','cgaribello','2022-07-26 15:56:02','Notificaciones'),
(322,116,'Enviado','OK','cgaribello','2022-07-26 15:56:04','Notificaciones');
/*!40000 ALTER TABLE `notificacion_evento` ENABLE KEYS */;
UNLOCK TABLES;

--
-- Table structure for table `notificacion_parametro`
--

DROP TABLE IF EXISTS `notificacion_parametro`;
/*!40101 SET @saved_cs_client     = @@character_set_client */;
/*!40101 SET character_set_client = utf8 */;
CREATE TABLE `notificacion_parametro` (
  `id_notificacion_parametro` int NOT NULL AUTO_INCREMENT,
  `id_notificacion` int DEFAULT NULL,
  `llave` varchar(64) NOT NULL COMMENT 'Llave del parametro ingresado',
  `valor` varchar(512) NOT NULL COMMENT 'Valor de la llave',
  `tipo` varchar(8) NOT NULL COMMENT 'Tipo de parametro a ser usado (ADJ) archivo adjunto por ejemplo',
  PRIMARY KEY (`id_notificacion_parametro`),
  KEY `notificacion_parametro_FK` (`id_notificacion`),
  CONSTRAINT `notificacion_parametro_FK` FOREIGN KEY (`id_notificacion`) REFERENCES `notificacion` (`id_notificacion`)
) ENGINE=InnoDB AUTO_INCREMENT=312 DEFAULT CHARSET=utf8mb4 COLLATE=utf8mb4_0900_ai_ci;
/*!40101 SET character_set_client = @saved_cs_client */;

--
-- Dumping data for table `notificacion_parametro`
--

LOCK TABLES `notificacion_parametro` WRITE;
/*!40000 ALTER TABLE `notificacion_parametro` DISABLE KEYS */;
INSERT INTO `notificacion_parametro` VALUES
(1,4,'dispositivo','Mozilla/5.0 (X11; Linux x86_64) AppleWebKit/537.36 (KHTML, like Gecko) Chrome/102.0.5005.115 Safari/537.36','P'),
(2,4,'hora','2022-06-13 23:26:55','P'),
(3,4,'ip','179.49.42.42','P'),
(4,5,'dispositivo','Mozilla/5.0 (X11; Linux x86_64) AppleWebKit/537.36 (KHTML, like Gecko) Chrome/102.0.5005.115 Safari/537.36','P'),
(5,5,'hora','2022-06-13 23:30:08','P'),
(6,5,'ip','179.49.42.42','P'),
(7,6,'dispositivo','Mozilla/5.0 (X11; Linux x86_64) AppleWebKit/537.36 (KHTML, like Gecko) Chrome/102.0.5005.115 Safari/537.36','P'),
(8,6,'hora','2022-06-13 23:43:01','P'),
(9,6,'ip','179.49.42.42','P'),
(10,7,'dispositivo','Mozilla/5.0 (X11; Linux x86_64) AppleWebKit/537.36 (KHTML, like Gecko) Chrome/102.0.5005.115 Safari/537.36','P'),
(11,7,'hora','2022-06-13 23:58:22','P'),
(12,7,'ip','179.49.42.42','P'),
(13,8,'dispositivo','Mozilla/5.0 (X11; Linux x86_64) AppleWebKit/537.36 (KHTML, like Gecko) Chrome/102.0.5005.115 Safari/537.36','P'),
(14,8,'hora','2022-06-14 00:17:56','P'),
(15,8,'ip','179.49.42.42','P'),
(16,9,'hora','2022-06-14 00:36:36','P'),
(17,10,'dispositivo','Mozilla/5.0 (X11; Linux x86_64) AppleWebKit/537.36 (KHTML, like Gecko) Chrome/102.0.5005.115 Safari/537.36','P'),
(18,10,'hora','2022-06-14 01:29:46','P'),
(19,10,'ip','179.49.42.42','P'),
(20,11,'dispositivo','Mozilla/5.0 (X11; Linux x86_64) AppleWebKit/537.36 (KHTML, like Gecko) Chrome/102.0.5005.115 Safari/537.36','P'),
(21,11,'hora','2022-06-14 01:30:47','P'),
(22,11,'ip','179.49.42.42','P'),
(23,12,'dispositivo','Mozilla/5.0 (Windows NT 6.1; Win64; x64) AppleWebKit/537.36 (KHTML, like Gecko) Chrome/102.0.0.0 Safari/537.36','P'),
(24,12,'hora','2022-06-14 12:50:10','P'),
(25,12,'ip','191.111.9.57','P'),
(26,13,'dispositivo','Mozilla/5.0 (Windows NT 6.1; Win64; x64) AppleWebKit/537.36 (KHTML, like Gecko) Chrome/102.0.0.0 Safari/537.36','P'),
(27,13,'hora','2022-06-14 12:53:39','P'),
(28,13,'ip','191.111.9.57','P'),
(29,14,'dispositivo','Mozilla/5.0 (Windows NT 10.0; Win64; x64) AppleWebKit/537.36 (KHTML, like Gecko) Chrome/102.0.0.0 Safari/537.36','P'),
(30,14,'hora','2022-06-14 14:19:12','P'),
(31,14,'ip','186.31.107.4','P'),
(32,15,'hora','2022-06-14 14:33:30','P'),
(33,16,'hora','2022-06-14 14:34:07','P'),
(34,17,'dispositivo','Mozilla/5.0 (Windows NT 10.0; Win64; x64) AppleWebKit/537.36 (KHTML, like Gecko) Chrome/102.0.0.0 Safari/537.36','P'),
(35,17,'hora','2022-06-14 14:37:34','P'),
(36,17,'ip','186.31.107.4','P'),
(37,18,'hora','2022-06-14 14:41:10','P'),
(38,19,'dispositivo','Mozilla/5.0 (Windows NT 10.0; Win64; x64) AppleWebKit/537.36 (KHTML, like Gecko) Chrome/102.0.5005.63 Safari/537.36 Edg/102.0.1245.39','P'),
(39,19,'hora','2022-06-14 14:44:37','P'),
(40,19,'ip','179.49.44.20','P'),
(41,20,'dispositivo','Mozilla/5.0 (Windows NT 10.0; Win64; x64) AppleWebKit/537.36 (KHTML, like Gecko) Chrome/102.0.0.0 Safari/537.36','P'),
(42,20,'hora','2022-06-14 14:48:39','P'),
(43,20,'ip','186.31.107.4','P'),
(44,21,'dispositivo','Mozilla/5.0 (Windows NT 10.0; Win64; x64) AppleWebKit/537.36 (KHTML, like Gecko) Chrome/102.0.0.0 Safari/537.36','P'),
(45,21,'hora','2022-06-14 14:53:45','P'),
(46,21,'ip','186.31.107.4','P'),
(47,22,'hora','2022-06-14 14:55:24','P'),
(48,23,'dispositivo','Mozilla/5.0 (Windows NT 10.0; Win64; x64) AppleWebKit/537.36 (KHTML, like Gecko) Chrome/102.0.5005.63 Safari/537.36 Edg/102.0.1245.39','P'),
(49,23,'hora','2022-06-14 14:57:31','P'),
(50,23,'ip','179.49.44.20','P'),
(51,24,'dispositivo','Mozilla/5.0 (Windows NT 10.0; Win64; x64) AppleWebKit/537.36 (KHTML, like Gecko) Chrome/102.0.0.0 Safari/537.36','P'),
(52,24,'hora','2022-06-14 15:00:25','P'),
(53,24,'ip','186.31.107.4','P'),
(54,25,'dispositivo','Mozilla/5.0 (X11; Linux x86_64) AppleWebKit/537.36 (KHTML, like Gecko) Chrome/102.0.5005.115 Safari/537.36','P'),
(55,25,'hora','2022-06-14 15:30:31','P'),
(56,25,'ip','179.49.42.42','P'),
(57,26,'hora','2022-06-14 16:02:20','P'),
(58,27,'dispositivo','Mozilla/5.0 (Windows NT 6.1; Win64; x64; rv:101.0) Gecko/20100101 Firefox/101.0','P'),
(59,27,'hora','2022-06-14 16:03:35','P'),
(60,27,'ip','191.111.9.57','P'),
(61,28,'dispositivo','Mozilla/5.0 (X11; Linux x86_64) AppleWebKit/537.36 (KHTML, like Gecko) Chrome/102.0.5005.115 Safari/537.36','P'),
(62,28,'hora','2022-06-14 17:52:56','P'),
(63,28,'ip','179.49.42.42','P'),
(64,29,'dispositivo','Mozilla/5.0 (X11; Linux x86_64) AppleWebKit/537.36 (KHTML, like Gecko) Chrome/102.0.5005.115 Safari/537.36','P'),
(65,29,'hora','2022-06-14 17:54:12','P'),
(66,29,'ip','179.49.42.42','P'),
(67,30,'dispositivo','Mozilla/5.0 (Windows NT 6.1; Win64; x64; rv:101.0) Gecko/20100101 Firefox/101.0','P'),
(68,30,'hora','2022-06-14 18:17:40','P'),
(69,30,'ip','191.111.9.57','P'),
(70,31,'dispositivo','Mozilla/5.0 (Windows NT 6.1; Win64; x64; rv:101.0) Gecko/20100101 Firefox/101.0','P'),
(71,31,'hora','2022-06-14 18:19:46','P'),
(72,31,'ip','191.111.9.57','P'),
(73,32,'dispositivo','Mozilla/5.0 (Windows NT 6.1; Win64; x64; rv:101.0) Gecko/20100101 Firefox/101.0','P'),
(74,32,'hora','2022-06-14 18:20:10','P'),
(75,32,'ip','191.111.9.57','P'),
(76,33,'dispositivo','Mozilla/5.0 (Windows NT 6.1; Win64; x64) AppleWebKit/537.36 (KHTML, like Gecko) Chrome/102.0.0.0 Safari/537.36','P'),
(77,33,'hora','2022-06-14 18:31:15','P'),
(78,33,'ip','191.111.9.57','P'),
(79,34,'dispositivo','Mozilla/5.0 (Windows NT 6.1; Win64; x64) AppleWebKit/537.36 (KHTML, like Gecko) Chrome/102.0.0.0 Safari/537.36','P'),
(80,34,'hora','2022-06-14 18:33:30','P'),
(81,34,'ip','191.111.9.57','P'),
(82,35,'hora','2022-06-14 19:16:01','P'),
(83,36,'dispositivo','Mozilla/5.0 (X11; Linux x86_64) AppleWebKit/537.36 (KHTML, like Gecko) Chrome/102.0.5005.115 Safari/537.36','P'),
(84,36,'hora','2022-06-14 19:28:25','P'),
(85,36,'ip','179.49.42.42','P'),
(86,37,'dispositivo','Mozilla/5.0 (X11; Linux x86_64) AppleWebKit/537.36 (KHTML, like Gecko) Chrome/102.0.5005.115 Safari/537.36','P'),
(87,37,'hora','2022-06-14 19:29:41','P'),
(88,37,'ip','179.49.42.42','P'),
(89,38,'dispositivo','Mozilla/5.0 (X11; Linux x86_64) AppleWebKit/537.36 (KHTML, like Gecko) Chrome/102.0.5005.115 Safari/537.36','P'),
(90,38,'hora','2022-06-14 19:32:28','P'),
(91,38,'ip','179.49.42.42','P'),
(92,39,'dispositivo','Mozilla/5.0 (X11; Linux x86_64) AppleWebKit/537.36 (KHTML, like Gecko) Chrome/102.0.5005.115 Safari/537.36','P'),
(93,39,'hora','2022-06-14 19:33:42','P'),
(94,39,'ip','179.49.42.42','P'),
(95,40,'dispositivo','Mozilla/5.0 (X11; Linux x86_64) AppleWebKit/537.36 (KHTML, like Gecko) Chrome/102.0.5005.115 Safari/537.36','P'),
(96,40,'hora','2022-06-14 21:06:55','P'),
(97,40,'ip','179.49.42.42','P'),
(98,41,'dispositivo','Mozilla/5.0 (X11; Linux x86_64) AppleWebKit/537.36 (KHTML, like Gecko) Chrome/102.0.5005.115 Safari/537.36','P'),
(99,41,'hora','2022-06-14 21:08:48','P'),
(100,41,'ip','179.49.42.42','P'),
(101,42,'dispositivo','Mozilla/5.0 (Windows NT 10.0; Win64; x64; rv:101.0) Gecko/20100101 Firefox/101.0','P'),
(102,42,'hora','2022-06-14 22:20:53','P'),
(103,42,'ip','179.49.44.20','P'),
(104,43,'dispositivo','Mozilla/5.0 (Windows NT 10.0; Win64; x64; rv:101.0) Gecko/20100101 Firefox/101.0','P'),
(105,43,'hora','2022-06-14 22:24:43','P'),
(106,43,'ip','179.49.44.20','P'),
(107,44,'dispositivo','Mozilla/5.0 (X11; Linux x86_64) AppleWebKit/537.36 (KHTML, like Gecko) Chrome/102.0.5005.115 Safari/537.36','P'),
(108,44,'hora','2022-06-14 22:25:40','P'),
(109,44,'ip','179.49.42.42','P'),
(110,45,'dispositivo','Mozilla/5.0 (X11; Linux x86_64) AppleWebKit/537.36 (KHTML, like Gecko) Chrome/102.0.5005.115 Safari/537.36','P'),
(111,45,'hora','2022-06-14 22:36:04','P'),
(112,45,'ip','179.49.42.42','P'),
(113,46,'dispositivo','Mozilla/5.0 (Windows NT 10.0; Win64; x64) AppleWebKit/537.36 (KHTML, like Gecko) Chrome/102.0.0.0 Safari/537.36','P'),
(114,46,'hora','2022-06-15 09:10:13','P'),
(115,46,'ip','186.31.107.4','P'),
(116,47,'dispositivo','Mozilla/5.0 (Windows NT 10.0; Win64; x64) AppleWebKit/537.36 (KHTML, like Gecko) Chrome/102.0.0.0 Safari/537.36','P'),
(117,47,'hora','2022-06-15 09:11:48','P'),
(118,47,'ip','186.31.107.4','P'),
(119,48,'dispositivo','Mozilla/5.0 (Windows NT 10.0; Win64; x64) AppleWebKit/537.36 (KHTML, like Gecko) Chrome/102.0.0.0 Safari/537.36','P'),
(120,48,'hora','2022-06-15 09:13:43','P'),
(121,48,'ip','186.31.107.4','P'),
(122,49,'dispositivo','Mozilla/5.0 (Windows NT 10.0; Win64; x64) AppleWebKit/537.36 (KHTML, like Gecko) Chrome/102.0.0.0 Safari/537.36','P'),
(123,49,'hora','2022-06-15 09:15:27','P'),
(124,49,'ip','186.31.107.4','P'),
(125,50,'dispositivo','Mozilla/5.0 (Windows NT 10.0; Win64; x64) AppleWebKit/537.36 (KHTML, like Gecko) Chrome/102.0.0.0 Safari/537.36','P'),
(126,50,'hora','2022-06-15 09:17:10','P'),
(127,50,'ip','186.31.107.4','P'),
(128,51,'dispositivo','Mozilla/5.0 (Windows NT 10.0; Win64; x64) AppleWebKit/537.36 (KHTML, like Gecko) Chrome/102.0.0.0 Safari/537.36','P'),
(129,51,'hora','2022-06-15 09:18:34','P'),
(130,51,'ip','186.31.107.4','P'),
(131,52,'dispositivo','Mozilla/5.0 (Windows NT 10.0; Win64; x64) AppleWebKit/537.36 (KHTML, like Gecko) Chrome/102.0.0.0 Safari/537.36','P'),
(132,52,'hora','2022-06-15 09:20:02','P'),
(133,52,'ip','186.31.107.4','P'),
(134,53,'dispositivo','Mozilla/5.0 (Windows NT 10.0; Win64; x64) AppleWebKit/537.36 (KHTML, like Gecko) Chrome/102.0.0.0 Safari/537.36','P'),
(135,53,'hora','2022-06-15 09:21:36','P'),
(136,53,'ip','186.31.107.4','P'),
(137,54,'dispositivo','Mozilla/5.0 (Windows NT 10.0; Win64; x64) AppleWebKit/537.36 (KHTML, like Gecko) Chrome/102.0.5005.63 Safari/537.36 Edg/102.0.1245.39','P'),
(138,54,'hora','2022-06-15 10:08:33','P'),
(139,54,'ip','186.31.107.4','P'),
(140,55,'dispositivo','Mozilla/5.0 (X11; Linux x86_64) AppleWebKit/537.36 (KHTML, like Gecko) Chrome/102.0.0.0 Safari/537.36','P'),
(141,55,'hora','2022-06-15 10:18:51','P'),
(142,55,'ip','179.49.42.42','P'),
(143,56,'dispositivo','Mozilla/5.0 (Windows NT 10.0; Win64; x64) AppleWebKit/537.36 (KHTML, like Gecko) Chrome/102.0.5005.63 Safari/537.36 Edg/102.0.1245.39','P'),
(144,56,'hora','2022-06-15 11:34:42','P'),
(145,56,'ip','186.31.107.4','P'),
(146,57,'hora','2022-06-15 12:08:05','P'),
(147,58,'hora','2022-06-15 12:15:57','P'),
(148,59,'hora','2022-06-15 12:24:46','P'),
(149,60,'dispositivo','Mozilla/5.0 (Windows NT 10.0; Win64; x64) AppleWebKit/537.36 (KHTML, like Gecko) Chrome/102.0.5005.63 Safari/537.36 Edg/102.0.1245.39','P'),
(150,60,'hora','2022-06-15 13:08:55','P'),
(151,60,'ip','186.31.107.4','P'),
(152,61,'dispositivo','Mozilla/5.0 (Windows NT 10.0; Win64; x64) AppleWebKit/537.36 (KHTML, like Gecko) Chrome/102.0.5005.63 Safari/537.36 Edg/102.0.1245.39','P'),
(153,61,'hora','2022-06-15 13:09:12','P'),
(154,61,'ip','186.31.107.4','P'),
(155,62,'dispositivo','Mozilla/5.0 (Windows NT 10.0; Win64; x64) AppleWebKit/537.36 (KHTML, like Gecko) Chrome/102.0.5005.63 Safari/537.36 Edg/102.0.1245.39','P'),
(156,62,'hora','2022-06-15 13:09:29','P'),
(157,62,'ip','186.31.107.4','P'),
(158,63,'dispositivo','Mozilla/5.0 (Windows NT 10.0; Win64; x64) AppleWebKit/537.36 (KHTML, like Gecko) Chrome/102.0.5005.63 Safari/537.36 Edg/102.0.1245.39','P'),
(159,63,'hora','2022-06-15 13:09:50','P'),
(160,63,'ip','186.31.107.4','P'),
(161,64,'dispositivo','Mozilla/5.0 (Windows NT 10.0; Win64; x64) AppleWebKit/537.36 (KHTML, like Gecko) Chrome/102.0.5005.63 Safari/537.36 Edg/102.0.1245.39','P'),
(162,64,'hora','2022-06-15 13:10:29','P'),
(163,64,'ip','186.31.107.4','P'),
(164,65,'dispositivo','Mozilla/5.0 (Windows NT 10.0; Win64; x64) AppleWebKit/537.36 (KHTML, like Gecko) Chrome/102.0.5005.63 Safari/537.36 Edg/102.0.1245.39','P'),
(165,65,'hora','2022-06-15 13:16:11','P'),
(166,65,'ip','186.31.107.4','P'),
(167,66,'dispositivo','Mozilla/5.0 (Windows NT 10.0; Win64; x64) AppleWebKit/537.36 (KHTML, like Gecko) Chrome/102.0.5005.63 Safari/537.36 Edg/102.0.1245.39','P'),
(168,66,'hora','2022-06-15 13:17:24','P'),
(169,66,'ip','186.31.107.4','P'),
(170,67,'dispositivo','Mozilla/5.0 (X11; Linux x86_64) AppleWebKit/537.36 (KHTML, like Gecko) Chrome/102.0.5005.115 Safari/537.36','P'),
(171,67,'hora','2022-06-15 15:45:28','P'),
(172,67,'ip','179.49.42.42','P'),
(173,68,'dispositivo','Mozilla/5.0 (X11; Linux x86_64) AppleWebKit/537.36 (KHTML, like Gecko) Chrome/102.0.5005.115 Safari/537.36','P'),
(174,68,'hora','2022-06-15 15:47:26','P'),
(175,68,'ip','179.49.42.42','P'),
(176,69,'dispositivo','Mozilla/5.0 (X11; Linux x86_64) AppleWebKit/537.36 (KHTML, like Gecko) Chrome/102.0.5005.115 Safari/537.36','P'),
(177,69,'hora','2022-06-15 16:01:57','P'),
(178,69,'ip','179.49.42.42','P'),
(179,70,'dispositivo','Mozilla/5.0 (X11; Linux x86_64) AppleWebKit/537.36 (KHTML, like Gecko) Chrome/102.0.5005.115 Safari/537.36','P'),
(180,70,'hora','2022-06-15 16:06:38','P'),
(181,70,'ip','179.49.42.42','P'),
(182,71,'dispositivo','Mozilla/5.0 (Windows NT 10.0; Win64; x64) AppleWebKit/537.36 (KHTML, like Gecko) Chrome/102.0.5005.115 Safari/537.36','P'),
(183,71,'hora','2022-06-15 16:07:43','P'),
(184,71,'ip','179.49.44.20','P'),
(185,72,'dispositivo','Mozilla/5.0 (X11; Linux x86_64) AppleWebKit/537.36 (KHTML, like Gecko) Chrome/102.0.5005.115 Safari/537.36','P'),
(186,72,'hora','2022-06-15 16:10:51','P'),
(187,72,'ip','179.49.42.42','P'),
(188,73,'dispositivo','Mozilla/5.0 (X11; Linux x86_64) AppleWebKit/537.36 (KHTML, like Gecko) Chrome/102.0.5005.115 Safari/537.36','P'),
(189,73,'hora','2022-06-15 16:11:21','P'),
(190,73,'ip','179.49.42.42','P'),
(191,74,'dispositivo','Mozilla/5.0 (Windows NT 10.0; Win64; x64) AppleWebKit/537.36 (KHTML, like Gecko) Chrome/102.0.5005.115 Safari/537.36','P'),
(192,74,'hora','2022-06-15 16:12:10','P'),
(193,74,'ip','179.49.44.20','P'),
(194,75,'dispositivo','Mozilla/5.0 (X11; Linux x86_64) AppleWebKit/537.36 (KHTML, like Gecko) Chrome/102.0.5005.115 Safari/537.36','P'),
(195,75,'hora','2022-06-15 16:13:04','P'),
(196,75,'ip','179.49.42.42','P'),
(197,76,'dispositivo','Mozilla/5.0 (X11; Linux x86_64) AppleWebKit/537.36 (KHTML, like Gecko) Chrome/102.0.5005.115 Safari/537.36','P'),
(198,76,'hora','2022-06-15 16:14:02','P'),
(199,76,'ip','179.49.42.42','P'),
(200,77,'dispositivo','Mozilla/5.0 (X11; Linux x86_64) AppleWebKit/537.36 (KHTML, like Gecko) Chrome/102.0.5005.115 Safari/537.36','P'),
(201,77,'hora','2022-06-15 16:15:47','P'),
(202,77,'ip','179.49.42.42','P'),
(203,78,'dispositivo','Mozilla/5.0 (Windows NT 6.1; Win64; x64; rv:101.0) Gecko/20100101 Firefox/101.0','P'),
(204,78,'hora','2022-06-15 17:04:03','P'),
(205,78,'ip','191.111.9.57','P'),
(206,79,'dispositivo','Mozilla/5.0 (Windows NT 6.1; Win64; x64) AppleWebKit/537.36 (KHTML, like Gecko) Chrome/102.0.0.0 Safari/537.36','P'),
(207,79,'hora','2022-06-15 17:07:14','P'),
(208,79,'ip','191.111.9.57','P'),
(209,80,'dispositivo','Mozilla/5.0 (Windows NT 6.1; Win64; x64; rv:101.0) Gecko/20100101 Firefox/101.0','P'),
(210,80,'hora','2022-06-15 17:13:06','P'),
(211,80,'ip','191.111.9.57','P'),
(212,81,'dispositivo','Mozilla/5.0 (Windows NT 6.1; Win64; x64) AppleWebKit/537.36 (KHTML, like Gecko) Chrome/102.0.0.0 Safari/537.36','P'),
(213,81,'hora','2022-06-15 17:14:58','P'),
(214,81,'ip','191.111.9.57','P'),
(215,82,'dispositivo','Mozilla/5.0 (Windows NT 6.1; Win64; x64) AppleWebKit/537.36 (KHTML, like Gecko) Chrome/102.0.0.0 Safari/537.36','P'),
(216,82,'hora','2022-06-15 17:20:51','P'),
(217,82,'ip','191.111.9.57','P'),
(218,83,'dispositivo','Mozilla/5.0 (Windows NT 6.1; Win64; x64) AppleWebKit/537.36 (KHTML, like Gecko) Chrome/102.0.0.0 Safari/537.36','P'),
(219,83,'hora','2022-06-15 17:22:01','P'),
(220,83,'ip','191.111.9.57','P'),
(221,84,'dispositivo','Mozilla/5.0 (Windows NT 6.1; Win64; x64) AppleWebKit/537.36 (KHTML, like Gecko) Chrome/102.0.0.0 Safari/537.36','P'),
(222,84,'hora','2022-06-15 17:30:42','P'),
(223,84,'ip','191.111.9.57','P'),
(224,85,'dispositivo','Mozilla/5.0 (Windows NT 6.1; Win64; x64) AppleWebKit/537.36 (KHTML, like Gecko) Chrome/102.0.0.0 Safari/537.36','P'),
(225,85,'hora','2022-06-15 17:32:22','P'),
(226,85,'ip','191.111.9.57','P'),
(227,86,'dispositivo','Mozilla/5.0 (Windows NT 6.1; Win64; x64) AppleWebKit/537.36 (KHTML, like Gecko) Chrome/102.0.0.0 Safari/537.36','P'),
(228,86,'hora','2022-06-15 17:36:10','P'),
(229,86,'ip','191.111.9.57','P'),
(230,87,'dispositivo','Mozilla/5.0 (Windows NT 6.1; Win64; x64) AppleWebKit/537.36 (KHTML, like Gecko) Chrome/102.0.0.0 Safari/537.36','P'),
(231,87,'hora','2022-06-15 17:38:04','P'),
(232,87,'ip','191.111.9.57','P'),
(233,88,'dispositivo','Mozilla/5.0 (Windows NT 6.1; Win64; x64) AppleWebKit/537.36 (KHTML, like Gecko) Chrome/102.0.0.0 Safari/537.36','P'),
(234,88,'hora','2022-06-15 17:40:27','P'),
(235,88,'ip','191.111.9.57','P'),
(236,89,'dispositivo','Mozilla/5.0 (Windows NT 6.1; Win64; x64) AppleWebKit/537.36 (KHTML, like Gecko) Chrome/102.0.0.0 Safari/537.36','P'),
(237,89,'hora','2022-06-15 19:19:58','P'),
(238,89,'ip','191.111.9.57','P'),
(239,90,'dispositivo','Mozilla/5.0 (Windows NT 10.0; Win64; x64) AppleWebKit/537.36 (KHTML, like Gecko) Chrome/102.0.0.0 Safari/537.36','P'),
(240,90,'hora','2022-06-15 20:05:58','P'),
(241,90,'ip','179.49.44.20','P'),
(242,91,'dispositivo','Mozilla/5.0 (Windows NT 6.1; Win64; x64) AppleWebKit/537.36 (KHTML, like Gecko) Chrome/102.0.0.0 Safari/537.36','P'),
(243,91,'hora','2022-06-15 20:06:07','P'),
(244,91,'ip','191.111.9.57','P'),
(245,92,'dispositivo','Mozilla/5.0 (Windows NT 10.0; Win64; x64) AppleWebKit/537.36 (KHTML, like Gecko) Chrome/102.0.0.0 Safari/537.36','P'),
(246,92,'hora','2022-06-15 20:06:53','P'),
(247,92,'ip','179.49.44.20','P'),
(248,93,'dispositivo','Mozilla/5.0 (Windows NT 6.1; Win64; x64) AppleWebKit/537.36 (KHTML, like Gecko) Chrome/102.0.0.0 Safari/537.36','P'),
(249,93,'hora','2022-06-15 20:09:53','P'),
(250,93,'ip','191.111.9.57','P'),
(251,94,'dispositivo','Mozilla/5.0 (Windows NT 6.1; Win64; x64) AppleWebKit/537.36 (KHTML, like Gecko) Chrome/102.0.0.0 Safari/537.36','P'),
(252,94,'hora','2022-06-15 20:59:31','P'),
(253,94,'ip','191.111.9.57','P'),
(254,95,'dispositivo','Mozilla/5.0 (Windows NT 6.1; Win64; x64) AppleWebKit/537.36 (KHTML, like Gecko) Chrome/102.0.0.0 Safari/537.36','P'),
(255,95,'hora','2022-06-15 21:01:40','P'),
(256,95,'ip','191.111.9.57','P'),
(257,96,'dispositivo','Mozilla/5.0 (Windows NT 6.1; Win64; x64) AppleWebKit/537.36 (KHTML, like Gecko) Chrome/102.0.0.0 Safari/537.36','P'),
(258,96,'hora','2022-06-15 21:15:25','P'),
(259,96,'ip','191.111.9.57','P'),
(260,97,'dispositivo','Mozilla/5.0 (Windows NT 6.1; Win64; x64) AppleWebKit/537.36 (KHTML, like Gecko) Chrome/102.0.0.0 Safari/537.36','P'),
(261,97,'hora','2022-06-15 21:18:36','P'),
(262,97,'ip','191.111.9.57','P'),
(263,98,'dispositivo','Mozilla/5.0 (X11; Linux x86_64) AppleWebKit/537.36 (KHTML, like Gecko) Chrome/102.0.5005.115 Safari/537.36','P'),
(264,98,'hora','2022-06-16 17:39:25','P'),
(265,98,'ip','179.49.42.42','P'),
(266,99,'dispositivo','Mozilla/5.0 (X11; Linux x86_64) AppleWebKit/537.36 (KHTML, like Gecko) Chrome/102.0.5005.115 Safari/537.36','P'),
(267,99,'hora','2022-06-16 17:42:49','P'),
(268,99,'ip','179.49.42.42','P'),
(269,100,'dispositivo','Mozilla/5.0 (Windows NT 6.1; Win64; x64; rv:101.0) Gecko/20100101 Firefox/101.0','P'),
(270,100,'hora','2022-06-16 20:57:52','P'),
(271,100,'ip','191.111.9.57','P'),
(272,101,'dispositivo','Mozilla/5.0 (Windows NT 6.1; Win64; x64; rv:101.0) Gecko/20100101 Firefox/101.0','P'),
(273,101,'hora','2022-06-16 21:05:18','P'),
(274,101,'ip','191.111.9.57','P'),
(275,102,'dispositivo','Mozilla/5.0 (X11; Linux x86_64) AppleWebKit/537.36 (KHTML, like Gecko) Chrome/102.0.5005.115 Safari/537.36','P'),
(276,102,'hora','2022-06-16 22:01:02','P'),
(277,102,'ip','179.49.42.42','P'),
(278,103,'dispositivo','Mozilla/5.0 (X11; Linux x86_64) AppleWebKit/537.36 (KHTML, like Gecko) Chrome/102.0.5005.115 Safari/537.36','P'),
(279,103,'hora','2022-06-16 22:02:51','P'),
(280,103,'ip','179.49.42.42','P'),
(281,104,'dispositivo','Mozilla/5.0 (X11; Linux x86_64) AppleWebKit/537.36 (KHTML, like Gecko) Chrome/102.0.5005.115 Safari/537.36','P'),
(282,104,'hora','2022-06-17 16:23:36','P'),
(283,104,'ip','179.49.42.42','P'),
(284,105,'dispositivo','Mozilla/5.0 (X11; Linux x86_64) AppleWebKit/537.36 (KHTML, like Gecko) Chrome/102.0.5005.115 Safari/537.36','P'),
(285,105,'hora','2022-06-17 16:24:37','P'),
(286,105,'ip','179.49.42.42','P'),
(287,106,'dispositivo','Mozilla/5.0 (Windows NT 10.0; Win64; x64) AppleWebKit/537.36 (KHTML, like Gecko) Chrome/102.0.0.0 Safari/537.36','P'),
(288,106,'hora','2022-06-17 17:34:01','P'),
(289,106,'ip','179.49.44.20','P'),
(290,107,'dispositivo','Mozilla/5.0 (Windows NT 6.1; Win64; x64; rv:101.0) Gecko/20100101 Firefox/101.0','P'),
(291,107,'hora','2022-06-21 14:59:56','P'),
(292,107,'ip','191.111.18.112','P'),
(293,108,'dispositivo','Mozilla/5.0 (Windows NT 6.1; Win64; x64; rv:101.0) Gecko/20100101 Firefox/101.0','P'),
(294,108,'hora','2022-06-21 15:01:17','P'),
(295,108,'ip','191.111.18.112','P'),
(296,109,'hora','2022-07-25 14:17:57','P'),
(297,110,'dispositivo','Mozilla/5.0 (Windows NT 10.0; Win64; x64) AppleWebKit/537.36 (KHTML, like Gecko) Chrome/103.0.0.0 Safari/537.36','P'),
(298,110,'hora','2022-07-25 17:34:16','P'),
(299,110,'ip','200.107.20.44','P'),
(300,111,'dispositivo','Mozilla/5.0 (Windows NT 10.0; Win64; x64) AppleWebKit/537.36 (KHTML, like Gecko) Chrome/103.0.5060.134 Safari/537.36 Edg/103.0.1264.71','P'),
(301,111,'hora','2022-07-25 23:09:13','P'),
(302,111,'ip','200.107.20.44','P'),
(303,112,'dispositivo','Mozilla/5.0 (Windows NT 10.0; Win64; x64) AppleWebKit/537.36 (KHTML, like Gecko) Chrome/103.0.5060.134 Safari/537.36 Edg/103.0.1264.71','P'),
(304,112,'hora','2022-07-25 23:10:05','P'),
(305,112,'ip','200.107.20.44','P'),
(306,113,'dispositivo','Mozilla/5.0 (Windows NT 10.0; Win64; x64) AppleWebKit/537.36 (KHTML, like Gecko) Chrome/103.0.5060.134 Safari/537.36 Edg/103.0.1264.71','P'),
(307,113,'hora','2022-07-25 23:12:15','P'),
(308,113,'ip','200.107.20.44','P'),
(309,114,'hora','2022-07-26 15:31:23','P'),
(310,115,'hora','2022-07-26 15:31:44','P'),
(311,116,'hora','2022-07-26 15:55:20','P');
/*!40000 ALTER TABLE `notificacion_parametro` ENABLE KEYS */;
UNLOCK TABLES;

--
-- Table structure for table `servicio`
--

DROP TABLE IF EXISTS `servicio`;
/*!40101 SET @saved_cs_client     = @@character_set_client */;
/*!40101 SET character_set_client = utf8 */;
CREATE TABLE `servicio` (
  `id_servicio` int NOT NULL AUTO_INCREMENT,
  `indice` varchar(32) DEFAULT NULL,
  `nombre` varchar(128) NOT NULL COMMENT 'Nombre de informacion del servicio',
  `valor_01` varchar(512) NOT NULL COMMENT 'Valor 01',
  `valor_02` varchar(512) DEFAULT NULL COMMENT 'Valor 02',
  `tipo` varchar(8) DEFAULT NULL COMMENT 'Tipo de servicios, define si el servicio es: E=EMAIL, S=SMS, NM=notificacion  Movil, NW=notificacion web',
  `usuario` varchar(128) NOT NULL COMMENT 'Usuario que realizo el cambio',
  `usuario_fecha` datetime NOT NULL DEFAULT CURRENT_TIMESTAMP COMMENT 'Fecha de insercion del registro',
  `usuario_programa` varchar(256) NOT NULL COMMENT 'Programa usado para el cambio',
  PRIMARY KEY (`id_servicio`)
) ENGINE=InnoDB AUTO_INCREMENT=5 DEFAULT CHARSET=utf8mb4 COLLATE=utf8mb4_0900_ai_ci COMMENT='Configuracion del servicio';
/*!40101 SET character_set_client = @saved_cs_client */;

--
-- Dumping data for table `servicio`
--

LOCK TABLES `servicio` WRITE;
/*!40000 ALTER TABLE `servicio` DISABLE KEYS */;
INSERT INTO `servicio` VALUES
(1,'TEST_E_01','Test de envio de correos hotmail','13a.usuario=facturacion@procesoelectronico.com 13a.clave=Fac%%001 13a.instancia.servidor=false 13a.acceso.ssl=true mail.smtp.host=smtp.gmail.com mail.smtp.port=465 mail.smtp.auth=true mail.smtp.starttls.enable=true mail.smtp.ssl.protocols=TLSv1.2 mail.smtp.socketFactory.port=465 mail.smtp.socketFactory.class=javax.net.ssl.SSLSocketFactory',NULL,'E','omar','2022-06-09 23:07:08','manual');
/*!40000 ALTER TABLE `servicio` ENABLE KEYS */;
UNLOCK TABLES;

--
-- Dumping events for database 'GA_001_00'
--

--
-- Dumping routines for database 'GA_001_00'
--
/*!40103 SET TIME_ZONE=@OLD_TIME_ZONE */;

/*!40101 SET SQL_MODE=@OLD_SQL_MODE */;
/*!40014 SET FOREIGN_KEY_CHECKS=@OLD_FOREIGN_KEY_CHECKS */;
/*!40014 SET UNIQUE_CHECKS=@OLD_UNIQUE_CHECKS */;
/*!40101 SET CHARACTER_SET_CLIENT=@OLD_CHARACTER_SET_CLIENT */;
/*!40101 SET CHARACTER_SET_RESULTS=@OLD_CHARACTER_SET_RESULTS */;
/*!40101 SET COLLATION_CONNECTION=@OLD_COLLATION_CONNECTION */;
/*!40111 SET SQL_NOTES=@OLD_SQL_NOTES */;

-- Dump completed on 2022-08-02 22:26:35
