<?xml version='1.0' encoding='UTF-8'?>
<jdbc-data-source xmlns="http://xmlns.oracle.com/weblogic/jdbc-data-source" xmlns:sec="http://xmlns.oracle.com/weblogic/security" xmlns:xsi="http://www.w3.org/2001/XMLSchema-instance" xmlns:wls="http://xmlns.oracle.com/weblogic/security/wls" xsi:schemaLocation="http://xmlns.oracle.com/weblogic/jdbc-data-source http://xmlns.oracle.com/weblogic/jdbc-data-source/1.5/jdbc-data-source.xsd">
  <name>Base-001DS</name>
  <datasource-type>GENERIC</datasource-type>
  <jdbc-driver-params>
    <url>jdbc:mysql://localhost:3306/GS_001_00</url>
    <driver-name>com.mysql.cj.jdbc.Driver</driver-name>
    <properties>
      <property>
        <name>user</name>
        <value>root</value>
      </property>
      <property>
        <name>sessionVariables</name>
        <sys-prop-value>sql_mode='PIPES_AS_CONCAT'</sys-prop-value>
      </property>
      <property>
        <name>allowPublicKeyRetrieval</name>
        <sys-prop-value>true</sys-prop-value>
      </property>
      <property>
        <name>useSSL</name>
        <sys-prop-value>false</sys-prop-value>
      </property>
    </properties>
    <password-encrypted>{AES256}XvfFK2jKKQQpd6sp4papEZP/PdpSJCT7660GFg3vGXY=</password-encrypted>
  </jdbc-driver-params>
  <jdbc-connection-pool-params>
    <initial-capacity>1</initial-capacity>
    <max-capacity>15</max-capacity>
    <min-capacity>1</min-capacity>
    <test-table-name>SQL SELECT 1</test-table-name>
    <statement-cache-size>10</statement-cache-size>
    <statement-cache-type>LRU</statement-cache-type>
  </jdbc-connection-pool-params>
  <jdbc-data-source-params>
    <jndi-name>jdbc/Base-001DS</jndi-name>
    <global-transactions-protocol>OnePhaseCommit</global-transactions-protocol>
  </jdbc-data-source-params>
</jdbc-data-source>
