<?xml version='1.0' encoding='UTF-8'?>
<jdbc-data-source xmlns="http://xmlns.oracle.com/weblogic/jdbc-data-source" xmlns:sec="http://xmlns.oracle.com/weblogic/security" xmlns:xsi="http://www.w3.org/2001/XMLSchema-instance" xmlns:wls="http://xmlns.oracle.com/weblogic/security/wls" xsi:schemaLocation="http://xmlns.oracle.com/weblogic/jdbc-data-source http://xmlns.oracle.com/weblogic/jdbc-data-source/1.5/jdbc-data-source.xsd">
  <name>Manifiesto-001DS</name>
  <datasource-type>GENERIC</datasource-type>
  <jdbc-driver-params>
    <url>jdbc:mysql://localhost:3306/MV_001_00</url>
    <driver-name>com.mysql.cj.jdbc.Driver</driver-name>
    <properties>
      <property>
        <name>user</name>
        <value>root</value>
      </property>
      <property>
        <name>sessionVariables</name>
        <sys-prop-value>sql_mode='PIPES_AS_CONCAT'</sys-prop-value>
      </property>
    </properties>
    <password-encrypted>{AES256}MEAkjxuh1OLO7CcYZOuSd3QLBhei+c6rf3Qje9VddMM=</password-encrypted>
  </jdbc-driver-params>
  <jdbc-connection-pool-params>
    <test-table-name>SQL SELECT 1</test-table-name>
  </jdbc-connection-pool-params>
  <jdbc-data-source-params>
    <jndi-name>jdbc/Manifiesto-001DS</jndi-name>
    <global-transactions-protocol>OnePhaseCommit</global-transactions-protocol>
  </jdbc-data-source-params>
</jdbc-data-source>
