<?xml version="1.0" encoding="UTF-8"?>
<jdbc-data-source xsi:schemaLocation="http://www.bea.com/ns/weblogic/jdbc-data-source             http://www.bea.com/ns/weblogic/jdbc-data-source/1.0/jdbc-data-source.xsd" xmlns="http://xmlns.oracle.com/weblogic/jdbc-data-source" xmlns:sec="http://www.bea.com/ns/weblogic/90/security" xmlns:wls="http://www.bea.com/ns/weblogic/90/security/wls" xmlns:xsi="http://www.w3.org/2001/XMLSchema-instance">
  <name>mds-owsm</name>
  <jdbc-driver-params>
    <url>jdbc:derby://localhost:1527/dummy;ServerName=localhost;databaseName=dummy</url>
    <driver-name>org.apache.derby.jdbc.ClientDataSource</driver-name>
    <properties>
      <property>
        <name>user</name>
        <value>dummy</value>
      </property>
      <property>
        <name>portNumber</name>
        <value>1527</value>
      </property>
      <property>
        <name>databaseName</name>
        <value>dummy;create=true</value>
      </property>
      <property>
        <name>serverName</name>
        <value>localhost</value>
      </property>
    </properties>
    <password-encrypted>{AES256}Pi8P+2yXTpn3wGVAQiXYgJKvqt8aKuLUbQ3/jpJprHc=</password-encrypted>
  </jdbc-driver-params>
  <jdbc-connection-pool-params>
    <test-table-name>SQL SELECT 1 FROM SYS.SYSTABLES</test-table-name>
  </jdbc-connection-pool-params>
  <jdbc-data-source-params>
    <jndi-name>jdbc/mds/owsm</jndi-name>
    <global-transactions-protocol>None</global-transactions-protocol>
  </jdbc-data-source-params>
</jdbc-data-source>
